"date","rt_raw","rt_loess","incidence_raw","incidence_loess","expected_cases_raw","expected_cases_loess","obs_cases_raw","obs_cases_loess","I_trace_raw","I_trace_loess"
2022-06-01,1,1,6853,6853,100,100,88,88,18333.1372395818,18333.1372395818
2022-06-02,0.98040901338489,0.941715105840546,6628,6368,100.014428265834,100.014428265834,119,119,18407.783359608,18407.783359608
2022-06-03,0.975013512706729,0.940771550990762,6531,6266,100.119708226663,100.099575762709,107,107,18445.7120907108,18341.55471393
2022-06-04,0.96980088621256,0.939869800932593,6472,6175,100.285353860783,100.093621742797,76,76,18379.5970873629,18094.7414433413
2022-06-05,0.964788641472476,0.939011322516376,6422,6087,100.306799778805,99.6609420418073,127,126,18226.0975666932,17747.2412376831
2022-06-06,0.959994286057209,0.93819758259245,6478,6110,100.033778559634,98.6884611850874,103,101,18040.863437944,17394.9248575553
2022-06-07,0.955435327537331,0.937430048011152,6370,5981,99.4828511402791,97.3246961067358,104,101,17904.0777272672,17123.2131960672
2022-06-08,0.951129273482069,0.936710185622821,6083,5689,98.8033079242574,95.834058964095,108,105,17790.6874220674,16901.8558187845
2022-06-09,0.9470936314606,0.936039462277793,6116,5713,98.1026917670866,94.3913735913567,97,93,17578.168005789,16608.1365118779
2022-06-10,0.94334590904177,0.935419344826407,5917,5518,97.283125258026,92.9346051482125,110,105,17317.448679025,16289.6090270833
2022-06-11,0.939903613793924,0.934851300119001,5709,5320,96.2348613605348,91.3700845545298,114,108,17013.9886586519,15950.0938850891
2022-06-12,0.936742838325236,0.934336795005913,5715,5332,94.9515212270203,89.6937215433411,98,92,16649.4251091938,15570.1641438409
2022-06-13,0.933822234980773,0.93387729633748,5512,5147,93.4232162230427,87.8920487017467,90,85,16297.2787583003,15218.4567591232
2022-06-14,0.93113315092765,0.93347427096404,5400,5052,91.7072395479364,86.012722333669,96,90,15947.2554345114,14883.1448284195
2022-06-15,0.928666933321586,0.933129185735932,5297,4969,89.8999233735348,84.1392221985722,89,83,15597.7179930591,14560.5684617497
2022-06-16,0.926414929301591,0.932843507503492,5125,4822,88.0454990185519,82.3040836094196,97,91,15255.6232005374,14255.7721455773
2022-06-17,0.924368486046911,0.932618703117059,4931,4654,86.171228937768,80.5235191401153,84,79,14902.4472561305,13949.584745908
2022-06-18,0.922518950767956,0.932456239426971,4952,4717,84.2751837598973,78.7863614706451,77,89,14510.5595276151,13613.4803108044
2022-06-19,0.920857670628639,0.932357583283565,4642,4561,82.3177921456401,77.0470265125735,78,64,14155.0043403698,13326.9864785606
2022-06-20,0.919375992783301,0.93232420153718,4442,4406,80.3267601711926,75.3434633645437,85,94,13772.9438792356,13074.3142330162
2022-06-21,0.918065264372629,0.932357561038153,4456,4348,78.3090016768502,73.7467545731103,86,81,13328.0589332222,12805.5091577975
2022-06-22,0.917026880283022,0.932457937232853,4287,4230,76.1789958860513,72.2215514138578,73,69,12909.0804236334,12526.332962165
2022-06-23,0.91634011843286,0.93262316082269,4285,4261,73.9616881740105,70.7057559182763,80,76,12530.8718610853,12241.6195044334
2022-06-24,0.915963150522029,0.932851031540567,4103,4104,71.7866239060237,69.1913505422757,58,56,12228.4362134269,12009.9941752171
2022-06-25,0.915854148294989,0.933139349119383,3999,4023,69.7688679447676,67.7400867559193,76,74,11945.457766284,11795.1303322623
2022-06-26,0.915971283559608,0.93348591329204,3941,3989,67.9338173351669,66.3933688775681,67,65,11654.2327055939,11573.439643408
2022-06-27,0.916272728080382,0.933888523791439,3741,3810,66.2156424465728,65.1147345475413,71,70,11371.5707554455,11360.0519906729
2022-06-28,0.916716653503312,0.934344980350481,3707,3797,64.5633270561759,63.872666209404,73,72,11063.4077409429,11118.6777895772
2022-06-29,0.917261231512088,0.934853082702067,3635,3745,62.9291273515682,62.6283925389101,72,71,10760.5992359077,10879.5335378083
2022-06-30,0.91786463377251,0.935410630579097,3574,3704,61.2910377563436,61.3628227468161,66,66,10486.824967063,10666.4022491225
2022-07-01,0.918485031920963,0.936015423714473,3449,3596,59.6964481183512,60.1243771711685,52,52,10251.3805992654,10489.2159416645
2022-07-02,0.919501889186445,0.936665261841096,3384,3547,58.2015832894092,58.9703282985391,69,69,10021.1543812351,10314.4578364995
2022-07-03,0.92122595042631,0.937357944691867,3385,3562,56.805318093328,57.8999503215313,66,67,9790.12681126852,10135.5313950842
2022-07-04,0.923512309456655,0.938091271999686,3174,3358,55.4758088925348,56.8803505493142,55,56,9593.03531816198,9986.5541585013
2022-07-05,0.926216059668502,0.938863043497456,3292,3488,54.2207065092124,55.9167877803717,56,58,9370.8847940412,9805.99970219639
2022-07-06,0.929192293842452,0.939671058918076,3106,3302,53.0204470001026,54.9848980962775,53,55,9193.5073798386,9664.6558769658
2022-07-07,0.932296105520211,0.940513117994447,3035,3232,51.8794210040177,54.0845566948484,50,52,9016.46134830862,9515.81957578718
2022-07-08,0.935382589523446,0.941387020459472,3043,3241,50.8120021019683,53.2256120463736,55,57,8821.0426228571,9339.92365883353
2022-07-09,0.938306840043285,0.94229056604605,2979,3174,49.7682900244736,52.3525435321353,49,52,8641.02866876093,9172.0459823693
2022-07-10,0.940923951444788,0.943221554487083,3011,3206,48.7411799961881,51.4559767424553,45,47,8484.18436615744,9020.88481683476
2022-07-11,0.943089018357915,0.944177785515472,2905,3094,47.777450319944,50.5843426637387,49,52,8375.91342937368,8914.15659882384
2022-07-12,0.945026480126671,0.945230541527489,2888,3074,46.9311335411047,49.7961248661225,43,45,8273.57549869483,8809.09879066156
2022-07-13,0.947043802578559,0.946443082057978,2840,3022,46.2038443448362,49.0978335187351,45,47,8168.16760425667,8697.67142394965
2022-07-14,0.949120621397113,0.947801172547702,2849,3027,45.545548480123,48.4435464431686,43,46,8056.34974632796,8577.57545812833
2022-07-15,0.951236574228019,0.949290578437423,2784,2956,44.9198076925413,47.8015755017119,44,47,7961.8677211302,8473.49793385448
2022-07-16,0.953371301559267,0.950897065167902,2667,2831,44.3290979222386,47.1792589226474,43,46,7871.73311672426,8372.24806481701
2022-07-17,0.955504439251526,0.9526063981799,2677,2837,43.7722271523391,46.5785762614172,50,53,7744.64238755061,8231.49281644
2022-07-18,0.957615617565748,0.954404342914179,2692,2848,43.1909966615992,45.9419229087956,43,46,7607.08385651842,8078.94946082744
2022-07-19,0.9596844715156,0.956276664811501,2596,2745,42.5527549187638,45.2377844721098,46,49,7501.45229378595,7958.6619958243
2022-07-20,0.961690636299272,0.958209129312627,2553,2697,41.912481143251,44.5248983606522,36,38,7402.8206829228,7845.35359301169
2022-07-21,0.963613747318418,0.960187501858318,2648,2791,41.30837111707,43.8446997618779,39,41,7293.25774424421,7720.97666538771
2022-07-22,0.965466313616065,0.962197547889338,2586,2724,40.7247547257702,43.1831483634974,42,45,7227.0141840608,7641.56637460344
2022-07-23,0.967278063920909,0.964225032846446,2450,2581,40.1998148559175,42.5814076899168,43,46,7188.90537212816,7591.714725576
2022-07-24,0.969054458562167,0.966255722170405,2499,2629,39.7784756876329,42.0872487705956,44,46,7109.04785251287,7499.61093587099
2022-07-25,0.970800949082247,0.968275381301976,2552,2681,39.3898916119912,41.6290081566075,42,44,7014.67355731107,7393.45074799568
2022-07-26,0.972522974336235,0.970269775681921,2463,2588,38.9686683952767,41.1403884387326,29,31,6961.64375642794,7330.66253720836
2022-07-27,0.974225990244988,0.972224670751001,2442,2564,38.5688859710772,40.6777403025957,43,45,6920.82245730338,7281.4908276226
2022-07-28,0.975915480775976,0.974125831949978,2480,2602,38.2346399509995,40.2869853902719,40,42,6869.52675624076,7222.27282158118
2022-07-29,0.977596916783403,0.975959024719614,2483,2603,37.9357697391038,39.9372340053598,33,35,6828.95010080629,7174.86844975817
2022-07-30,0.979275773601695,0.97771001450067,2412,2529,37.6636966638932,39.6194170451,39,41,6811.30509556433,7151.50347015453
2022-07-31,0.980957533105888,0.979364566733908,2469,2585,37.445244296595,39.3606480979964,28,30,6782.75467042506,7117.44135830846
2022-08-01,0.982769062042367,0.980899120283564,2406,2519,37.2678767487241,39.1474058237082,38,40,6762.7641331977,7092.13189547077
2022-08-02,0.984795091150424,0.982310571466911,2435,2545,37.1103250523246,38.9568312052722,36,38,6733.5121671481,7057.30417887535
2022-08-03,0.98697791568253,0.983615371904258,2364,2468,36.9627549842691,38.7776126276323,40,42,6709.42718669938,7026.99810543498
2022-08-04,0.989259851151735,0.984829973215917,2317,2416,36.8151781625912,38.5977572069367,34,36,6667.60989762769,6976.99551873318
2022-08-05,0.991583242486722,0.985970827022199,2357,2451,36.6445323799981,38.3910009077883,35,37,6596.14883037918,6895.08735257774
2022-08-06,0.993890421346955,0.987054384943415,2393,2481,36.4092232289732,38.1124061705387,31,33,6531.94376601015,6818.71042429405
2022-08-07,0.996123656952603,0.988097098599876,2402,2482,36.124466283676,37.7757237364565,41,43,6508.63919931307,6781.87838778988
2022-08-08,0.998225220612358,0.989115419611894,2358,2429,35.8755936858718,37.4663154303428,37,39,6523.02899566419,6780.83812992347
2022-08-09,1.00013736670755,0.990125799599779,2380,2443,35.7309393169339,37.2520608074016,35,37,6534.01531715112,6773.7873010654
2022-08-10,1.00180232467785,0.991144690183842,2417,2471,35.675592877189,37.116515172341,41,43,6537.39889775681,6756.94802156483
2022-08-11,1.00317917278894,0.992188542984395,2374,2419,35.6618344071697,37.0110674112772,37,39,6552.73822364976,6750.40855126496
2022-08-12,1.0043048147878,0.993273809621749,2382,2419,35.6796470978354,36.9263576127776,51,52,6562.45653012651,6737.07634109623
2022-08-13,1.00523817939335,0.994416941716214,2395,2424,35.7193146872925,36.8542581528902,39,40,6563.51254376688,6714.69425915919
2022-08-14,1.00603816877477,0.995634390888102,2414,2435,35.7539117192849,36.7702588919587,40,41,6564.48387320891,6692.44094460077
2022-08-15,1.00676364614737,0.996942608757725,2472,2487,35.7783925835046,36.6722553308171,36,37,6576.69597305422,6681.86383767839
2022-08-16,1.00747361459228,0.998358046945392,2395,2403,35.8168166651905,36.5869917470456,44,45,6619.27076371881,6702.8226088151
2022-08-17,1.00822709943562,0.999897157071415,2443,2446,35.9070636804286,36.5549838753973,39,40,6646.39916756725,6709.53577529894
2022-08-18,1.00908290185876,1.00157639075611,2435,2433,36.035603163998,36.5650443505442,32,33,6664.69426651173,6709.00949635527
2022-08-19,1.01009972196686,1.00341219961978,2370,2364,36.1589814919012,36.5755641389021,25,25,6676.79137496312,6703.997518183
2022-08-20,1.01090237747783,1.00530915724394,2439,2429,36.2583601993381,36.5692844973053,43,43,6659.66536375153,6671.61126809882
2022-08-21,1.01117616207446,1.00716713122229,2430,2420,36.3050630007457,36.5186746961807,34,34,6648.27653164152,6646.61614891021
2022-08-22,1.01107043727171,1.00899551419336,2462,2453,36.3014189009028,36.4268117533633,30,31,6650.55234068487,6638.10176675526
2022-08-23,1.01073465024671,1.01080369879572,2407,2400,36.2950235985042,36.3431262076901,40,40,6673.98742732908,6654.63199634048
2022-08-24,1.01031837236612,1.01260107766791,2555,2553,36.3231952588082,36.3084512607131,41,41,6683.99824045705,6661.93874263989
2022-08-25,1.0099699968765,1.01439704344849,2471,2475,36.3821394194491,36.3224911877195,40,39,6733.57094216355,6713.49593057003
2022-08-26,1.00983772834845,1.016200988776,2551,2562,36.4937142140828,36.4099849766183,29,29,6782.62169355169,6769.32940765505
2022-08-27,1.01007122898427,1.018022306289,2595,2615,36.6762467563363,36.5914806880096,30,30,6841.4017139362,6839.33982924789
2022-08-28,1.01082062596284,1.01987038862604,2605,2633,36.914038955132,36.8522060819219,37,36,6918.13989075194,6931.57334123953
2022-08-29,1.01223671907771,1.02175462842568,2494,2530,37.2146000708164,37.1994050014845,45,45,7001.54148850128,7033.70972425756
2022-08-30,1.01402769141022,1.02368441832646,2633,2678,37.5665752824547,37.6199023841997,46,46,7026.94471419893,7079.78731314314
2022-08-31,1.01582041908042,1.02566915096693,2559,2612,37.8837620865808,38.0237518318454,38,38,7052.7719005891,7127.58742219132
2022-09-01,1.01764335320302,1.02771821898565,2562,2624,38.1226289151713,38.3630946710733,45,45,7068.32941429548,7165.72886231336
2022-09-02,1.01952301332583,1.02984101502117,2646,2717,38.303530434243,38.6543498951376,34,35,7071.83275046501,7192.30323258746
2022-09-03,1.0214831375735,1.03204693171204,2583,2664,38.4310532926504,38.899018630469,33,33,7099.24800774211,7243.29648770505
2022-09-04,1.02354902327293,1.03434536169681,2574,2664,38.5418306005902,39.1319309603373,44,45,7123.38923502906,7291.88787392598
2022-09-05,1.0257523175718,1.03674569761404,2632,2733,38.6598400488663,39.3764725802512,28,29,7127.84632377009,7321.42275246244
2022-09-06,1.02812468624022,1.03925733210227,2747,2861,38.7565907943739,39.6039626229482,29,30,7139.37732703206,7359.02641481767
2022-09-07,1.03069989439145,1.04188965780006,2709,2832,38.8419354996897,39.8245852356196,31,32,7210.0413859092,7457.83774492452
2022-09-08,1.03351475137424,1.04465206734596,2721,2855,39.0046864989606,40.1288124926386,38,39,7302.2217395315,7579.13378080527
2022-09-09,1.03671977592793,1.04766693635806,2729,2873,39.292220486198,40.5645767993884,48,50,7381.43620792135,7687.7284054997
2022-09-10,1.04037547330073,1.05102413644942,2793,2949,39.6499223774266,41.075519499937,35,37,7435.7944441087,7771.15736025646
2022-09-11,1.04438943264734,1.05468430425102,2842,3009,40.0064188046351,41.5880474813396,34,36,7494.5425819317,7859.28971581451
2022-09-12,1.04867439066143,1.05860807639388,2964,3146,40.3503392060112,42.0897992914885,39,41,7576.79814278265,7971.45418227259
2022-09-13,1.05315047604379,1.06275608950899,2901,3091,40.7296759496533,42.6292783887575,36,38,7712.70273831422,8139.23694957145
2022-09-14,1.05774012874611,1.06708898022734,2951,3154,41.2131916986991,43.2770837370769,42,44,7840.4194038186,8298.88850479703
2022-09-15,1.0623515358667,1.07156738517993,3026,3242,41.7923076125886,44.0247676307107,37,39,7943.83371089471,8434.14081080188
2022-09-16,1.06688816022265,1.07615194099776,3180,3414,42.3886569682896,44.7921425540052,48,50,8047.04441308231,8569.73653047641
2022-09-17,1.07124858284226,1.08080328431184,3223,3472,42.9830426852938,45.5601179535681,38,41,8207.46104216373,8765.61677702089
2022-09-18,1.07532405748816,1.08548205175315,3313,3580,43.6546098364483,46.4116525296292,46,49,8408.91860132908,9005.78979572917
2022-09-19,1.07944794122274,1.09014887995269,3416,3704,44.4772330495243,47.4253555674682,42,45,8630.01507721966,9268.8284944947
2022-09-20,1.08398874236015,1.09476440554146,3482,3789,45.4498664782903,48.6031498619465,38,41,8864.17243154133,9548.92219821399
2022-09-21,1.08886400973694,1.09928926515047,3750,4084,46.5426944583461,49.9177393406604,52,56,9098.3809031176,9832.44665936549
2022-09-22,1.09395655675265,1.1036840954107,3785,4137,47.7323651756943,51.3476630059825,57,61,9402.26468934127,10190.8797667249
2022-09-23,1.09909998500535,1.10790953295315,3969,4345,49.0670717444594,52.9432699518734,63,68,9736.36412093939,10582.2416176945
2022-09-24,1.10414365014787,1.11192621440883,4098,4495,50.5925663191974,54.7501209853883,40,43,10095.7278975136,11000.7452061383
2022-09-25,1.10905258882466,1.11569477640872,4256,4675,52.2873076143086,56.7428563237977,52,56,10466.9274362653,11431.7300917964
2022-09-26,1.11380921403832,1.11917585558383,4444,4885,54.1187138783955,58.8843145828007,61,66,10852.1423960539,11876.9451484081
2022-09-27,1.11843697249225,1.12233008856516,4587,5046,56.0635298655009,61.1469636773099,51,56,11265.0629747435,12349.9703777303
2022-09-28,1.12338103809159,1.1254804902057,4730,5205,58.1223361631658,63.5279678422355,57,63,11694.5422814477,12838.0726912014
2022-09-29,1.12888852755667,1.12894670449408,5057,5553,60.2917217234744,66.019573770826,62,68,12123.3131512165,13322.0323705932
2022-09-30,1.13473558204584,1.13268431176473,5231,5738,62.5502835715876,68.594286436124,63,69,12615.1110457498,13866.993561774
2022-10-01,1.14071681247605,1.1366488923521,5456,5974,64.9444087043318,71.2945057579108,47,52,13161.0576172211,14462.265227533
2022-10-02,1.1466535042035,1.14079602659062,5721,6250,67.5489817415504,74.1917726157646,65,71,13740.7681479466,15085.7969569497
2022-10-03,1.15199266638695,1.14508129481474,6027,6568,70.3719780465777,77.2883454240741,72,79,14352.6513483028,15736.0342164823
2022-10-04,1.15621646240331,1.1494602773589,6524,7089,73.3996071756791,80.5659501497296,71,78,15017.6661582937,16435.8329756155
2022-10-05,1.1593352709052,1.15388855455753,6649,7227,76.6672940144062,84.0612326889868,75,82,15820.9428788324,17277.1064393111
2022-10-06,1.16154250243088,1.15832170674508,6917,7523,80.296356457974,87.9061937036936,91,99,16657.8173270814,18155.3987096009
2022-10-07,1.16326154647735,1.16271531425599,7538,8194,84.2982563055331,92.1258319545418,59,66,17459.8331369692,19005.5015930191
2022-10-08,1.16478434974213,1.16702495742469,7555,8244,88.5196827800698,96.5807558919568,92,100,18357.5261642944,19968.8129710177
2022-10-09,1.16612485221543,1.17120621658563,8048,8800,92.9427402357076,101.277147592538,101,110,19233.0115130577,20926.4867818735
2022-10-10,1.16758446949559,1.17521467207325,8683,9513,97.5531583412181,106.225000603574,80,88,20121.1321925344,21918.0496364918
2022-10-11,1.16960336784244,1.17900590422199,9211,10121,102.287695119778,111.380819019113,103,112,21154.3828948175,23083.7973153881
2022-10-12,1.17277364685569,1.18253549336629,9616,10599,107.311118049488,116.934965084173,100,110,22373.487128063,24466.3951040307
2022-10-13,1.17879867402405,1.18575901984058,10218,11264,112.883760150923,123.170867055771,122,133,23680.4658177779,25959.180736122
2022-10-14,1.18825320283902,1.18863206397931,10763,11832,119.063517008086,130.147701653678,126,137,25049.492186523,27521.3381149701
2022-10-15,1.19972004186342,1.19111020611693,11517,12578,125.756525778921,137.740706443154,139,152,26470.5936727509,29116.5164304602
2022-10-16,1.21117427675992,1.19314902658786,12387,13409,132.893336676069,145.811485588944,124,137,28016.522056,30790.3676999379
2022-10-17,1.21997445306253,1.19470410572655,13078,14031,140.527837375464,154.31238722343,141,155,29775.9446234967,32611.5180508852
2022-10-18,1.2270608106292,1.19597189427107,14270,15142,148.851475593941,163.324112499722,137,151,31695.9465716146,34516.251983366
2022-10-19,1.2349687881077,1.19716958025588,15077,15797,158.014915307774,172.902051753262,161,176,33877.547832408,36608.4572346228
2022-10-20,1.24282148831157,1.19828384995996,16481,17009,168.158632153535,183.122520433664,170,185,36241.2039319051,38796.0951772509
2022-10-21,1.24952401773779,1.19930138966231,17762,18045,179.39012184578,194.041057698368,167,181,38893.9784921879,41170.2478493643
2022-10-22,1.25379122722367,1.20020888564191,19104,19109,191.828638516752,205.713256399848,199,213,41865.7542109936,43745.3940830744
2022-10-23,1.25416560923388,1.20099302417775,20649,20371,205.672131208412,218.266827629736,204,217,45123.0439243545,46484.6332032549
2022-10-24,1.25077999261218,1.20164049154882,21933,21389,221.023991762431,231.750482293706,223,234,48663.8953774704,49403.3816237741
2022-10-25,1.24478014413182,1.20213797403412,23976,23181,237.878284647148,246.151977483443,222,230,52360.1473207765,52410.6862754171
2022-10-26,1.23751024380061,1.20247215791264,25073,24070,256.112577055544,261.414735263594,261,266,56382.2956123681,55717.8592097231
2022-10-27,1.2304785178669,1.20262972946336,27059,25851,275.691313453225,277.634295896065,237,239,60496.2479118613,59133.6910978775
2022-10-28,1.22140032383809,1.20259737496528,28845,27516,296.49151347762,294.858276365731,315,314,64775.834941111,62754.394355619
2022-10-29,1.20827903602426,1.20236178069738,30388,29100,318.310004779218,313.056658179384,323,318,69268.3296189328,66660.980559555
2022-10-30,1.1933253147527,1.20190963293866,32166,31064,341.136009503694,332.395498282247,380,370,73860.534552681,70817.6670824398
2022-10-31,1.17893237885269,1.20122761796811,33824,33045,364.872684364641,353.02284095418,334,323,78505.7863062703,75269.8557971479
2022-11-01,1.16763003976097,1.20030242206472,35235,34864,389.278705118691,375.036615907564,383,369,83159.1832507831,80043.7750308342
2022-11-02,1.15843001020469,1.19912073150747,36783,36919,414.099972993244,398.553192183039,425,409,87697.523805956,85034.9375051647
2022-11-03,1.1492581208036,1.19766923257536,38542,39341,438.999169112644,423.534378504262,458,442,92094.6553519607,90203.7475007928
2022-11-04,1.14111977598653,1.19593461154739,39687,41257,463.651669047214,449.829135895432,510,495,96478.343786527,95680.3571609186
2022-11-05,1.13504597235756,1.19390355470253,41445,43867,487.977236445313,477.447578962837,502,491,100719.682767805,101341.44755741
2022-11-06,1.12949469374866,1.19150560485013,43036,46421,511.921059836813,506.392223651552,523,517,104920.039681537,107276.29939806
2022-11-07,1.12333047099272,1.18869864482389,44661,49157,535.459188308956,536.656872876619,554,555,109159.518253457,113550.4029811
2022-11-08,1.11823555935099,1.1855118709393,45838,51499,558.785820876656,568.415047676856,541,550,113479.075470143,120212.910756036
2022-11-09,1.1159207164103,1.18197447951186,47709,54561,582.108696096465,601.855398391143,567,586,117687.530054442,127061.726058707
2022-11-10,1.11811628971566,1.17811566685708,49633,57553,605.373400995768,636.898322599224,620,652,121908.431324766,134173.813273506
2022-11-11,1.12831804200809,1.17396462929045,51829,60451,628.554595826561,673.412845086003,610,655,126343.134809539,141628.555547229
2022-11-12,1.14599817542994,1.16955056312748,54561,63408,652.043703385758,711.488877234762,681,742,131189.775660707,149371.464909618
2022-11-13,1.16681536994977,1.16490266468366,57849,66472,676.542944029753,751.168302199536,661,735,136693.159408023,157300.313665944
2022-11-14,1.18638033613511,1.16005013027451,61939,69962,702.981970032596,792.279714852053,717,808,143132.727222023,165373.315301642
2022-11-15,1.20027028902626,1.15502215621551,66253,73406,732.538474781377,834.612228741924,729,831,150855.558122112,173743.210856916
2022-11-16,1.21439107667249,1.14984793882217,70559,76216,766.598499073107,878.207906754965,710,817,159970.502996316,182487.36567939
2022-11-17,1.23390582198506,1.14455667441,76308,79536,806.376572748175,923.270322537843,809,926,170251.591554712,191302.012687148
2022-11-18,1.25323226271633,1.13917755929449,83057,83054,852.434400777681,969.602821201172,824,939,181891.066214915,200095.953782504
2022-11-19,1.26676068082887,1.13373978979114,89650,85831,905.192491246431,1016.71230557472,877,987,195355.913117345,208997.009140047
2022-11-20,1.26886258157174,1.12827256221546,97262,89440,965.641611754515,1064.35971955414,953,1051,210638.85568837,217827.389570452
2022-11-21,1.25728000637204,1.12280507288294,104607,93042,1034.77218705257,1112.34569906136,1007,1084,227696.044719222,226711.336933871
2022-11-22,1.23632727870767,1.1173665181091,110763,95907,1112.99212451307,1160.54878272746,1071,1118,246155.961646689,235818.398431839
2022-11-23,1.21023619178521,1.11198609420942,116633,99025,1199.86432533275,1209.18460248416,1214,1223,265051.733323085,244922.40090544
2022-11-24,1.18325073571417,1.10669299749941,122243,102400,1293.45912438421,1258.24788495301,1270,1235,283500.164030475,253859.285629801
2022-11-25,1.159623465732,1.10151642429457,127067,105339,1390.57398813238,1307.32466752303,1420,1336,301050.937697457,262714.189230412
2022-11-26,1.13232680118675,1.0960491646634,130091,107640,1487.9264304543,1356.12626111846,1428,1299,317418.087050497,271458.080052711
2022-11-27,1.09572958419746,1.08991585063187,132805,111393,1582.72308029565,1404.48409345808,1523,1348,331910.342685785,279774.911045566
2022-11-28,1.05619125016967,1.08319344145165,132135,113418,1672.16472444113,1451.95355342516,1697,1475,344153.182203403,288047.299872501
2022-11-29,1.02007885644298,1.07595889637441,130874,115751,1753.31357330906,1498.38407890332,1788,1530,353043.298942741,296044.64709755
2022-11-30,0.993764681662364,1.06828917465183,129677,118224,1822.71784994907,1543.76222727461,1773,1498,357994.04368981,303574.039630186
2022-12-01,0.976959552471855,1.06026123553559,127614,119692,1876.74286241111,1587.62746988617,1939,1645,359474.760543241,310678.5821316
2022-12-02,0.964436033910966,1.05195203827738,125682,121365,1913.46127074711,1629.53036022562,1936,1650,358228.742067899,317143.26369465
2022-12-03,0.955160749784194,1.04343854212886,123387,122572,1933.31168181915,1669.01337582206,1971,1704,355108.865020562,322918.512836031
2022-12-04,0.94809921786461,1.03479770634172,121657,124159,1938.38820261166,1705.52421814493,1851,1624,350706.491325358,327951.514748847
2022-12-05,0.94221615406648,1.02610649016763,118135,123746,1931.56164563012,1738.67695836156,1884,1693,345681.126517977,332476.375409822
2022-12-06,0.940254153823301,1.01744185285827,116175,124296,1915.83890164991,1768.39140899459,1902,1756,339801.080317386,335974.592469259
2022-12-07,0.943727068720454,1.00888075366531,114691,124449,1893.3949315263,1794.22174452006,1891,1792,333410.689579891,338446.350949505
2022-12-08,0.949755063062254,1.00050015184045,112680,123393,1865.79934055978,1815.44612303008,1858,1808,327191.713088349,340084.083741113
2022-12-09,0.955457302006625,0.992377006635348,111371,122638,1835.14583210538,1831.85509413276,1828,1824,321377.547948354,340684.410334112
2022-12-10,0.95795225600832,0.984588277301689,110169,121869,1803.5950462313,1843.28358310893,1796,1835,316125.114899545,340244.039974516
2022-12-11,0.956866776063327,0.97721092309115,109002,121117,1772.75773304938,1849.45632374433,1777,1854,311485.29543508,338998.246825301
2022-12-12,0.954760885683976,0.970321903255409,106864,119153,1743.7519307489,1850.57106277843,1809,1918,307401.402829634,337278.653375083
2022-12-13,0.953152645693325,0.963998177046143,105056,117295,1717.1041252977,1847.33847350282,1661,1789,303336.132689454,334851.070785832
2022-12-14,0.953560332046493,0.958316703715031,104423,116330,1692.33707247784,1840.16020642896,1688,1835,298982.027608621,331546.341923061
2022-12-15,0.958040479889708,0.952803755281934,102427,113295,1668.35863937366,1828.91975956145,1702,1865,294788.333029089,327814.879233146
2022-12-16,0.965936344870969,0.946970020852382,102547,111815,1644.76516430018,1813.88170710289,1581,1747,290666.856869402,323342.716781934
2022-12-17,0.974696208463721,0.940869085306557,101863,109015,1621.75883099933,1795.31991805975,1616,1789,287177.226825058,318398.548173658
2022-12-18,0.981768154545543,0.934554533524639,101941,106736,1600.03549874633,1773.36492035761,1598,1771,284431.890286098,312883.844625916
2022-12-19,0.984600132793764,0.928079950386811,101029,103511,1580.69217711324,1748.25343002271,1531,1701,282537.872615068,306918.978588696
2022-12-20,0.985748154944177,0.921498920773253,100471,100170,1564.52738739759,1720.15197286577,1603,1757,281028.901170455,300316.504638324
2022-12-21,0.988085648891844,0.914865029564148,100977,97309,1551.47013785807,1689.00105845008,1581,1725,279577.874371066,292929.730162723
2022-12-22,0.989536546984038,0.908231861639675,100494,94698,1540.7094824588,1654.46373997467,1613,1707,278496.105671943,285006.147537012
2022-12-23,0.988024711235187,0.901653001880017,100192,90558,1531.82371654752,1616.58545740638,1497,1536,277710.380294684,276991.510253308
2022-12-24,0.981473956463401,0.895182035165355,98249,87353,1524.74837031548,1576.11051572309,1515,1527,277038.316862938,268563.293120422
2022-12-25,0.967677908517652,0.888872546375871,96629,83763,1518.97443764225,1533.49837046926,1494,1616,275680.740005112,259715.663641649
2022-12-26,0.947828994224277,0.882778120391745,94836,80815,1512.99418898275,1488.68959504301,1568,1510,273265.582646874,250500.684087767
2022-12-27,0.924949262073526,0.876952342093159,90930,76643,1504.75721531647,1441.79611231019,1462,1407,269840.86908148,241280.147895416
2022-12-28,0.902060818338031,0.871448796360295,86614,73760,1492.68879843662,1393.33919623665,1534,1414,264854.171997745,231832.824960961
2022-12-29,0.882185809189022,0.866321068073333,82872,69483,1475.17886690796,1343.72178270737,1391,1352,257832.301544352,222389.666516306
2022-12-30,0.860069103234607,0.861622742112455,77971,66544,1450.24081012272,1293.18023775924,1436,1268,249101.512379759,212689.849305357
2022-12-31,0.831727509382204,0.857407403357842,72068,63349,1416.73088753797,1241.82026864212,1425,1288,238896.700541784,203001.571470526
2023-01-01,0.802091150283676,0.853728636689676,66572,59905,1374.59840127709,1189.82124482581,1347,1194,227067.877442131,193540.489890452
2023-01-02,0.77609019359911,0.850640026988139,60373,56842,1323.8833032012,1137.78362504332,1300,1109,213796.676032061,184264.582971139
2023-01-03,0.758654837872057,0.84819515913341,54775,54038,1264.71005416773,1086.21454724527,1265,1126,199257.094398423,175176.659321738
2023-01-04,0.750262719796746,0.846358179188431,50464,51223,1197.67149922928,1035.37374330058,1199,1030,183954.319613323,166393.686168209
2023-01-05,0.746999259710494,0.845030693173456,45842,48733,1124.08423263284,985.573617433402,1153,1013,168877.813572437,157971.043563702
2023-01-06,0.747206336869272,0.844172475904638,41814,45916,1046.4701240487,937.193883493444,1041,959,154550.640298454,149982.906843919
2023-01-07,0.749225818795695,0.843743302198128,38464,43568,967.90732794402,890.553739204478,1017,888,141202.21537293,142283.59254068
2023-01-08,0.751399564636344,0.843702946870081,35540,41696,890.965445879926,845.729037801168,911,840,129013.014321011,134873.258030885
2023-01-09,0.756644491317553,0.844011184736647,32485,38986,817.578983464103,802.66307924502,862,836,118106.266545519,127957.576535694
2023-01-10,0.767103579752385,0.844627790613982,30174,37137,749.158097345514,761.525453079421,709,761,108292.927849377,121303.158657073
2023-01-11,0.779957773432513,0.845512539318236,28421,35328,686.374416595548,722.336212253186,670,736,99508.928857103,114931.157097357
2023-01-12,0.792388008816127,0.846625205665562,26467,33353,629.344025818511,684.911574338377,628,718,91853.7448535471,108931.787449035
2023-01-13,0.80157521752651,0.847925564472113,24722,32025,578.15198492291,649.269081794651,554,639,85188.6348517686,103255.936668842
2023-01-14,0.807436239194505,0.849373390554043,23473,30635,532.721334933177,615.480743962094,557,641,79283.2405520683,98025.299303942
2023-01-15,0.812258290905338,0.850928458727503,21827,29164,492.56539216405,583.679485238229,538,594,74083.5846188558,93281.5630835365
2023-01-16,0.816777869593145,0.852550543808646,20752,27569,457.07204694125,554.092583536039,494,542,69369.5790707592,88914.7296557845
2023-01-17,0.821731473983326,0.854199420613625,19518,26213,425.576978062681,526.720149182601,426,522,65113.563442345,84708.8101864952
2023-01-18,0.827855604080515,0.855834863958592,18365,25157,397.430900812417,501.179426469114,385,541,61234.3300098816,80599.1636026883
2023-01-19,0.834534082482322,0.857416648659701,17470,24216,372.118408490198,476.993303171041,381,465,57645.3724355934,76713.8646375536
2023-01-20,0.841053375475684,0.858904549533103,16858,23011,349.169329331309,454.009532455835,385,427,54353.8017715192,73187.6382438756
2023-01-21,0.84800394976382,0.860258341394952,15803,21961,328.258230760067,432.402563108568,346,434,51467.8565676667,69921.0683551302
2023-01-22,0.855976272493332,0.8614377990614,15048,20975,309.314819443996,412.254599258783,319,402,48836.0362300237,66807.8840575966
2023-01-23,0.866320632983177,0.862821869509046,14617,19654,292.20720773797,393.382103655584,297,405,46367.6195310587,63808.3608527593
2023-01-24,0.878965431762812,0.864777967336705,14057,19336,276.620350170193,375.511937942286,233,384,44153.0257711468,60777.1553419306
2023-01-25,0.892368302738453,0.867248568793852,13767,18460,262.406500987088,358.335795035574,288,347,42215.2061042232,57999.7821501688
2023-01-26,0.904986879524301,0.870176150129965,13411,17435,249.612585105704,341.879647277645,269,385,40595.7661684733,55512.4397295435
2023-01-27,0.915278795541045,0.873503187594518,12998,17004,238.321219122979,326.442753905172,223,337,39250.8316858373,53133.1291965932
2023-01-28,0.924703551823433,0.877172157436987,13070,16201,228.544895448398,312.021449898166,243,316,38071.3172222463,50916.9670781436
2023-01-29,0.93498002447574,0.881125535906849,12699,15581,220.142242429473,298.491408301478,215,297,37150.0707914228,48823.3931147902
2023-01-30,0.944954909298612,0.88530579925358,12536,14993,213.020519818163,285.801369507136,205,305,36392.5484245698,46842.7064002261
2023-01-31,0.953474901965189,0.889655423726655,12386,14540,207.09340596252,273.868069485059,212,274,35736.066534166,44970.2439872946
2023-02-01,0.959386698059566,0.89411688557555,12395,14079,202.135134575128,262.626655384116,201,264,35151.5884549081,43249.6255551979
2023-02-02,0.961396283007881,0.898632661049742,12292,13694,197.928480555935,252.094939268785,168,250,34694.095233905,41691.8898865303
2023-02-03,0.960012808030817,0.903145226398706,12003,13298,194.391644223246,242.338484269807,202,242,34350.4509525428,40296.1566215951
2023-02-04,0.956787717479383,0.907597057871919,11814,12889,191.488454799216,233.397555188477,178,255,33995.138745752,39031.3780195334
2023-02-05,0.95327245583113,0.911930631718856,11643,12498,189.020895160163,225.248421275467,209,232,33569.0324679789,37849.1682501648
2023-02-06,0.951018467651868,0.916088424188993,11392,12107,186.688019327766,217.784391819226,193,203,33088.1409868924,36714.2550287452
2023-02-07,0.949193701270624,0.920012911531807,11119,12135,184.286389696145,210.851133682213,171,201,32558.4944107417,35606.219923506
2023-02-08,0.946443599782202,0.923646569996773,11217,11690,181.720952110192,204.331829470242,172,211,31970.1988344716,34681.8771330275
2023-02-09,0.943535849972535,0.926931875833367,10838,11483,178.955022534932,198.312825285637,185,197,31470.1700468881,33864.9807770491
2023-02-10,0.941238138650779,0.929811305291065,10672,11051,176.121812439682,192.894495607791,175,184,30986.8226085681,33109.3583432665
2023-02-11,0.940318152641678,0.932227334619344,10285,11048,173.351621202227,187.982196988032,165,177,30485.4874486214,32309.6726552702
2023-02-12,0.940719497738585,0.934430206533456,10314,10637,170.590612945247,183.373379786904,161,196,29881.4145555927,31575.6008174187
2023-02-13,0.94169065567743,0.936698863171448,9944,10504,167.697802537364,178.979884907639,180,180,29300.7807036689,30860.2358586269
2023-02-14,0.942956627195958,0.93901882991698,9838,10208,164.662437736085,174.802749153483,166,161,28713.7401221784,30186.2952490269
2023-02-15,0.944242413022553,0.941375632153715,9569,9948,161.567023469201,170.813900405826,148,181,28150.6414361177,29520.1138280995
2023-02-16,1,1,9873,10585,158.456678572506,166.973413893762,168,150,27581.7253534909,28842.4550975075
2023-02-17,1,1,9987,10375,155.38778366139,163.278007589705,139,177,27206.2744370621,28506.9869009419
2023-02-18,1,1,9864,10346,152.624533851408,160.115205248627,166,154,27100.0922439318,28436.7296912507
2023-02-19,1,1,9867,10352,150.573085977589,157.927170245861,144,137,27119.9772020672,28464.4462537395
2023-02-20,1,1,9874,10259,149.342786176843,156.664761302554,129,180,27151.4435949983,28485.8149598638
2023-02-21,1,1,9779,10303,148.709892776831,156.001921110552,171,135,27161.2406779827,28448.7831964893
2023-02-22,1,1,9821,10313,148.398910639775,155.612619915253,128,146,27121.0668850054,28395.402044539
2023-02-23,1,1,9831,10307,148.193843992166,155.308596763902,138,168,27069.2236698062,28360.2090158967
2023-02-24,1,1,9825,10209,147.985708464531,155.05598229565,160,167,27035.375167753,28346.3524410106
2023-02-25,1,1,9729,10397,147.782876314264,154.862446508601,159,147,27021.7421695852,28304.3176090815
2023-02-26,1,1,9914,10447,147.61451018178,154.692687704271,140,168,26980.2385215346,28312.4265794601
2023-02-27,1,1,9962,10284,147.457555033664,154.581526152169,161,132,26988.2216832962,28394.9326360927
2023-02-28,1,1,9803,10163,147.35264342508,154.636918750469,125,154,27069.0563252745,28444.9080510714
2023-03-01,1,1,9685,10313,147.408723130595,154.798777216797,147,147,27118.1007125149,28383.1204017299
2023-03-02,1,1,9831,10200,147.568232278959,154.850804482305,140,137,27057.95428324,28311.6426255866
2023-03-03,1,1,9721,10221,147.620180080643,154.721899518485,130,140,26988.124502111,28240.3362642185
2023-03-04,1,1,9742,10302,147.49504070563,154.487119590753,133,149,26918.4322581833,28184.8903351922
2023-03-05,1,1,9821,10174,147.266112748468,154.217146735157,142,158,26864.4837034024,28178.9823503948
2023-03-06,1,1,9696,10140,147.002905776189,153.995029258514,151,151,26859.0663533218,28161.3542702259
2023-03-07,1,1,9662,10219,146.786915069824,153.828787331304,144,152,26842.179834607,28104.6478150264
2023-03-08,1,1,9740,10335,146.625610307122,153.639342516017,144,130,26786.6961390494,28060.5325274758
2023-03-09,1,1,9777,10253,146.441560279154,153.430761624508,136,125,26743.5168477841,28096.4521871703
2023-03-10,1,1,9668,10383,146.232264586624,153.326672474392,177,158,26748.1233590575,28155.770413092
2023-03-11,1,1,9666,10196,146.078364359235,153.393002527118,137,134,26742.2503798248,28247.4698851545
2023-03-12,1,1,9561,10380,145.983074712634,153.602785881867,157,165,26708.317218158,28274.1039937447
2023-03-13,1,1,9770,10288,145.864269904577,153.849786968845,145,128,26620.0538971076,28306.4358459797
2023-03-14,1,1,9529,10528,145.652663918968,154.061965202355,132,162,26593.6486293019,28326.9615905431
2023-03-15,1,1,9721,10217,145.407702557011,154.260823901239,131,152,26545.7693777379,28427.1755306134
2023-03-16,1,1,9632,10421,145.184948097586,154.522433238362,153,127,26537.2440946625,28458.2068405094
2023-03-17,1,1,9437,10227,145.000543820332,154.808391177026,129,148,26536.597751771,28477.9751619459
2023-03-18,1,1,9566,10274,144.868518126126,155.014978396215,137,160,26452.9618818984,28435.5764080293
2023-03-19,1,1,9627,10216,144.67549315569,155.087050974141,132,135,26357.884512822,28370.1129561879
2023-03-20,1,1,9420,10205,144.363701397544,154.994451746503,134,145,26324.573414904,28289.5643405832
2023-03-21,1,1,9474,10163,144.044948711294,154.76424440185,132,156,26267.8905257839,28210.6401531722
2023-03-22,1,1,9538,10232,143.750803335953,154.442863200814,144,142,26193.3644406599,28130.5390543761
2023-03-23,1,1,9418,10170,143.428296455781,154.075722136542,138,177,26151.9483823517,28087.4744914347
2023-03-24,1,1,9676,10143,143.112396690658,153.72916321219,136,166,26106.0558014777,28058.0980507827
2023-03-25,1,1,9608,10257,142.848674535073,153.446487663969,150,170,26150.8139920872,28020.2374368971
2023-03-26,1,1,9675,10167,142.726230422634,153.211852076968,140,160,26242.234006258,28022.2306724653
2023-03-27,1,1,9642,10159,142.83218506314,153.045256548153,138,166,26355.2967508017,28027.4814797155
2023-03-28,1,1,9718,10486,143.135668186241,152.958884765952,178,160,26441.7963590723,28016.2550258003
2023-03-29,1,1,9707,10261,143.538284157801,152.923937512007,147,139,26520.6593811129,28122.8466496158
2023-03-30,1,1,9565,10111,143.962947760597,153.043394227835,125,137,26588.2666314831,28233.598220884
2023-03-31,1,1,9546,10323,144.364871939004,153.349627694653,151,160,26581.3415497212,28226.3407385842
2023-04-01,1,1,9698,10379,144.638440162151,153.619528504609,159,146,26506.2454449083,28204.8086126769
2023-04-02,1,1,9567,10232,144.689417342784,153.74727986164,140,144,26472.1227724746,28246.720489274
2023-04-03,1,1,9545,10293,144.59864809155,153.859955053909,145,152,26448.6397800868,28277.7437830766
2023-04-04,1,1,9589,10449,144.476798678044,154.007167619117,157,172,26408.0952559887,28289.4139278825
2023-04-05,1,1,9533,10303,144.325035218044,154.142855735471,140,144,26372.1314884979,28353.4233302813
2023-04-06,1,1,9563,10194,144.143593709526,154.315272287936,141,147,26332.8792168162,28404.8116912616
2023-04-07,1,1,9628,10410,143.952511760723,154.53247445347,152,143,26305.7871564945,28371.7368041686
2023-04-08,1,1,9614,10254,143.776219808243,154.66418709644,136,142,26319.3305611931,28363.0353572181
2023-04-09,1,1,9485,10493,143.672838389659,154.691941590318,165,159,26356.3641119997,28348.4193671855
2023-04-10,1,1,9612,10281,143.669310718704,154.695978665211,137,150,26341.496865031,28413.0145679673
2023-04-11,1,1,9541,10409,143.683134946512,154.769058723392,151,162,26327.9712563634,28450.8222721067
2023-04-12,1,1,9628,10464,143.657437797037,154.92210355177,156,164,26311.0131889852,28484.3266631926
2023-04-13,1,1,9646,10356,143.614468085348,155.096245088471,140,161,26326.47484749,28543.247239192
2023-04-14,1,1,9639,10333,143.603306794096,155.304525859499,136,153,26373.3689085032,28576.2246985813
2023-04-15,1,1,9593,10411,143.677708652685,155.519620582498,146,158,26426.5597061149,28560.6481932029
2023-04-16,1,1,9639,10408,143.83325222006,155.652703442926,147,169,26448.2031868942,28547.525997144
2023-04-17,1,1,9726,10355,144.000964472386,155.698237765903,140,159,26457.8965447221,28556.1328340055
2023-04-18,1,1,9666,10352,144.138682974388,155.722733901598,140,163,26503.6345755503,28556.6645572771
2023-04-19,1,1,9717,10494,144.292677852339,155.741546228524,158,142,26552.8193384345,28539.1598856946
2023-04-20,1,1,9567,10457,144.494631828658,155.734882731838,152,180,26602.8466184169,28570.4860375365
2023-04-21,1,1,9860,10260,144.713003328279,155.762245639671,126,153,26586.2467410834,28631.8748139567
2023-04-22,1,1,9671,10325,144.873788681629,155.878809538428,135,140,26633.7225881206,28611.415702463
2023-04-23,1,1,9577,10404,145.01502944676,155.965971051697,148,142,26678.168147129,28539.1742856319
2023-04-24,1,1,9582,10462,145.190152435613,155.899458603236,156,164,26649.5334591958,28498.8474794623
2023-04-25,1,1,9730,10449,145.281708306264,155.750863592894,154,176,26564.529114059,28532.2652023428
2023-04-26,1,1,9810,10463,145.194482094333,155.683024491481,152,169,26534.0867835258,28601.086233355
2023-04-27,1,1,9779,10519,145.039981767232,155.770571164664,156,151,26604.6377414569,28668.7361454356
2023-04-28,1,1,9684,10322,145.02936549357,155.978968015034,129,154,26713.6081557416,28739.6735967529
2023-04-29,1,1,9722,10336,145.230254135704,156.245968281856,160,157,26764.7682599389,28728.1978977032
2023-04-30,1,1,9746,10302,145.508371943089,156.441204212901,131,152,26766.3456768567,28651.7583833415
