date,beta_est,mask,others_masked,work_outside,shop_indoors,restaurant_indoors,spent_indoors,large_event_indoors,travel_outside_state,smoothed_wothers_distanced_public,smoothed_wpublic_transit_1d
2020-01-08,0.30442954452111043,NA,NA,NA,NA,NA,NA,NA,NA,NA,NA
2020-01-09,0.3107347239388923,NA,NA,NA,NA,NA,NA,NA,NA,NA,NA
2020-01-10,0.3224179777239756,NA,NA,NA,NA,NA,NA,NA,NA,NA,NA
2020-01-11,0.33794509935572176,NA,NA,NA,NA,NA,NA,NA,NA,NA,NA
2020-01-12,0.3571439554268996,NA,NA,NA,NA,NA,NA,NA,NA,NA,NA
2020-01-13,0.40243569436261967,NA,NA,NA,NA,NA,NA,NA,NA,NA,NA
2020-01-14,0.4154063623603869,NA,NA,NA,NA,NA,NA,NA,NA,NA,NA
2020-01-15,0.4449585901856328,NA,NA,NA,NA,NA,NA,NA,NA,NA,NA
2020-01-16,0.47437556619546994,NA,NA,NA,NA,NA,NA,NA,NA,NA,NA
2020-01-17,0.6012640059543155,NA,NA,NA,NA,NA,NA,NA,NA,NA,NA
2020-01-18,0.5826892267808711,NA,NA,NA,NA,NA,NA,NA,NA,NA,NA
2020-01-19,0.6297375328833789,NA,NA,NA,NA,NA,NA,NA,NA,NA,NA
2020-01-20,0.6774352186936065,NA,NA,NA,NA,NA,NA,NA,NA,NA,NA
2020-01-21,0.6863150541656315,NA,NA,NA,NA,NA,NA,NA,NA,NA,NA
2020-01-22,0.7148665506450398,NA,NA,NA,NA,NA,NA,NA,NA,NA,NA
2020-01-23,0.7409310308726159,NA,NA,NA,NA,NA,NA,NA,NA,NA,NA
2020-01-24,0.7697726789747618,NA,NA,NA,NA,NA,NA,NA,NA,NA,NA
2020-01-25,0.8001355521601454,NA,NA,NA,NA,NA,NA,NA,NA,NA,NA
2020-01-26,0.8644863512293426,NA,NA,NA,NA,NA,NA,NA,NA,NA,NA
2020-01-27,0.8762520323817496,NA,NA,NA,NA,NA,NA,NA,NA,NA,NA
2020-01-28,0.905964886248345,NA,NA,NA,NA,NA,NA,NA,NA,NA,NA
2020-01-29,0.9283934894087134,NA,NA,NA,NA,NA,NA,NA,NA,NA,NA
2020-01-30,0.9509604466659048,NA,NA,NA,NA,NA,NA,NA,NA,NA,NA
2020-01-31,0.9894040746980972,NA,NA,NA,NA,NA,NA,NA,NA,NA,NA
2020-02-01,1.0164003803228805,NA,NA,NA,NA,NA,NA,NA,NA,NA,NA
2020-02-02,1.0564946364531702,NA,NA,NA,NA,NA,NA,NA,NA,NA,NA
2020-02-03,1.0600874437393744,NA,NA,NA,NA,NA,NA,NA,NA,NA,NA
2020-02-04,1.07261125213311,NA,NA,NA,NA,NA,NA,NA,NA,NA,NA
2020-02-05,1.121176871872188,NA,NA,NA,NA,NA,NA,NA,NA,NA,NA
2020-02-06,1.1385743170057816,NA,NA,NA,NA,NA,NA,NA,NA,NA,NA
2020-02-07,1.173678058833008,NA,NA,NA,NA,NA,NA,NA,NA,NA,NA
2020-02-08,1.159241376033768,NA,NA,NA,NA,NA,NA,NA,NA,NA,NA
2020-02-09,1.1567341780714857,NA,NA,NA,NA,NA,NA,NA,NA,NA,NA
2020-02-10,1.1514409569738415,NA,NA,NA,NA,NA,NA,NA,NA,NA,NA
2020-02-11,1.1603166863909944,NA,NA,NA,NA,NA,NA,NA,NA,NA,NA
2020-02-12,1.153165256931919,NA,NA,NA,NA,NA,NA,NA,NA,NA,NA
2020-02-13,1.16341451592915,NA,NA,NA,NA,NA,NA,NA,NA,NA,NA
2020-02-14,1.1486327039448383,NA,NA,NA,NA,NA,NA,NA,NA,NA,NA
2020-02-15,1.1216926947409152,NA,NA,NA,NA,NA,NA,NA,NA,NA,NA
2020-02-16,1.1080272404478932,NA,NA,NA,NA,NA,NA,NA,NA,NA,NA
2020-02-17,1.1083148367637572,NA,NA,NA,NA,NA,NA,NA,NA,NA,NA
2020-02-18,1.0874241045040414,NA,NA,NA,NA,NA,NA,NA,NA,NA,NA
2020-02-19,1.0903743251436055,NA,NA,NA,NA,NA,NA,NA,NA,NA,NA
2020-02-20,1.077935985025469,NA,NA,NA,NA,NA,NA,NA,NA,NA,NA
2020-02-21,1.0489824168831776,NA,NA,NA,NA,NA,NA,NA,NA,NA,NA
2020-02-22,1.0356125388964847,NA,NA,NA,NA,NA,NA,NA,NA,NA,NA
2020-02-23,1.0242375464409397,NA,NA,NA,NA,NA,NA,NA,NA,NA,NA
2020-02-24,1.0059264958693497,NA,NA,NA,NA,NA,NA,NA,NA,NA,NA
2020-02-25,0.9991703327906268,NA,NA,NA,NA,NA,NA,NA,NA,NA,NA
2020-02-26,0.9937956154175656,NA,NA,NA,NA,NA,NA,NA,NA,NA,NA
2020-02-27,0.99283570283081235,NA,NA,NA,NA,NA,NA,NA,NA,NA,NA
2020-02-28,0.997340056682098,NA,NA,NA,NA,NA,NA,NA,NA,NA,NA
2020-02-29,1.005212607136072,NA,NA,NA,NA,NA,NA,NA,NA,NA,NA
2020-03-01,1.0175394098383073,NA,NA,NA,NA,NA,NA,NA,NA,NA,NA
2020-03-02,1.0322829280543762,NA,NA,NA,NA,NA,NA,NA,NA,NA,NA
2020-03-03,1.046198510639763,NA,NA,NA,NA,NA,NA,NA,NA,NA,NA
2020-03-04,1.059381942580291,NA,NA,NA,NA,NA,NA,NA,NA,NA,NA
2020-03-05,1.0681651490376338,NA,NA,NA,NA,NA,NA,NA,NA,NA,NA
2020-03-06,1.0716787963791652,NA,NA,NA,NA,NA,NA,NA,NA,NA,NA
2020-03-07,1.0679439995270603,NA,NA,NA,NA,NA,NA,NA,NA,NA,NA
2020-03-08,1.0563795249622228,NA,NA,NA,NA,NA,NA,NA,NA,NA,NA
2020-03-09,1.0363282853187998,NA,NA,NA,NA,NA,NA,NA,NA,NA,NA
2020-03-10,1.0080793914581634,NA,NA,NA,NA,NA,NA,NA,NA,NA,NA
2020-03-11,0.972645152353044,NA,NA,NA,NA,NA,NA,NA,NA,NA,NA
2020-03-12,0.9310112653302012,NA,NA,NA,NA,NA,NA,NA,NA,NA,NA
2020-03-13,0.8846654119860459,NA,NA,NA,NA,NA,NA,NA,NA,NA,NA
2020-03-14,0.8351963350176237,NA,NA,NA,NA,NA,NA,NA,NA,NA,NA
2020-03-15,0.7840512396817475,NA,NA,NA,NA,NA,NA,NA,NA,NA,NA
2020-03-16,0.7326240984566976,NA,NA,NA,NA,NA,NA,NA,NA,NA,NA
2020-03-17,0.6820610138329769,NA,NA,NA,NA,NA,NA,NA,NA,NA,NA
2020-03-18,0.6332905613252344,NA,NA,NA,NA,NA,NA,NA,NA,NA,NA
2020-03-19,0.5869892767589793,NA,NA,NA,NA,NA,NA,NA,NA,NA,NA
2020-03-20,0.5436165046469562,NA,NA,NA,NA,NA,NA,NA,NA,NA,NA
2020-03-21,0.5034531000813373,NA,NA,NA,NA,NA,NA,NA,NA,NA,NA
2020-03-22,0.466618887566935,NA,NA,NA,NA,NA,NA,NA,NA,NA,NA
2020-03-23,0.4331336122517329,NA,NA,NA,NA,NA,NA,NA,NA,NA,NA
2020-03-24,0.4028977667092486,NA,NA,NA,NA,NA,NA,NA,NA,NA,NA
2020-03-25,0.3757407346817349,NA,NA,NA,NA,NA,NA,NA,NA,NA,NA
2020-03-26,0.3514626327644684,NA,NA,NA,NA,NA,NA,NA,NA,NA,NA
2020-03-27,0.3298370964172672,NA,NA,NA,NA,NA,NA,NA,NA,NA,NA
2020-03-28,0.31063877111894744,NA,NA,NA,NA,NA,NA,NA,NA,NA,NA
2020-03-29,0.29363788329736973,NA,NA,NA,NA,NA,NA,NA,NA,NA,NA
2020-03-30,0.2786134465407879,NA,NA,NA,NA,NA,NA,NA,NA,NA,NA
2020-03-31,0.265357042879924,NA,NA,NA,NA,NA,NA,NA,NA,NA,NA
2020-04-01,0.253679021527087,NA,NA,NA,NA,NA,NA,NA,NA,NA,NA
2020-04-02,0.2434054265003843,NA,NA,NA,NA,NA,NA,NA,NA,NA,NA
2020-04-03,0.2343777374801629,NA,NA,NA,NA,NA,NA,NA,NA,NA,NA
2020-04-04,0.22645665234987736,NA,NA,NA,NA,NA,NA,NA,NA,NA,NA
2020-04-05,0.2195146541513764,NA,NA,NA,NA,NA,NA,NA,NA,NA,NA
2020-04-06,0.21343998664199504,NA,NA,NA,NA,NA,NA,NA,NA,NA,NA
2020-04-07,0.20812963161109185,NA,NA,NA,NA,NA,NA,NA,NA,NA,NA
2020-04-08,0.20349485545942328,NA,NA,NA,NA,NA,NA,NA,NA,NA,NA
2020-04-09,0.1994564412415768,NA,NA,NA,NA,NA,NA,NA,NA,NA,NA
2020-04-10,0.19594101161168245,NA,NA,NA,NA,NA,NA,NA,NA,NA,NA
2020-04-11,0.19288374385606685,NA,NA,NA,NA,NA,NA,NA,NA,NA,NA
2020-04-12,0.1902238155572873,NA,NA,NA,NA,NA,NA,NA,3.400000857142857,NA,NA
2020-04-13,0.18790725683999393,NA,NA,NA,NA,NA,NA,NA,3.4023460857142855,NA,NA
2020-04-14,0.18588402127790257,NA,NA,NA,NA,NA,NA,NA,3.409953257142857,NA,NA
2020-04-15,0.1841094436448178,NA,NA,NA,NA,NA,NA,NA,3.4256624857142857,NA,NA
2020-04-16,0.18254068941483176,NA,NA,NA,NA,NA,NA,NA,3.4558170857142856,NA,NA
2020-04-17,0.18113872411494988,NA,NA,NA,NA,NA,NA,NA,3.5006433857142856,NA,NA
2020-04-18,0.17987178490708328,NA,NA,NA,NA,NA,NA,NA,3.570661442857143,NA,NA
2020-04-19,0.17871277412968,NA,NA,NA,NA,NA,NA,NA,3.6544730714285714,NA,NA
2020-04-20,0.17764182646236626,NA,NA,NA,NA,NA,NA,NA,3.761715542857143,NA,NA
2020-04-21,0.17664399770016692,NA,NA,NA,NA,NA,NA,NA,3.8815553142857144,NA,NA
2020-04-22,0.17570865451292725,NA,NA,NA,NA,NA,NA,NA,3.999578157142857,NA,NA
2020-04-23,0.17483441225423582,NA,NA,NA,NA,NA,NA,NA,4.123245257142857,NA,NA
2020-04-24,0.17402265778458573,NA,NA,NA,NA,NA,NA,NA,4.245999242857143,NA,NA
2020-04-25,0.17328195174676253,NA,NA,NA,NA,NA,NA,NA,4.361125442857142,NA,NA
2020-04-26,0.17262258349961407,NA,NA,NA,NA,NA,NA,NA,4.480692471428571,NA,NA
2020-04-27,0.17205854777976667,NA,NA,NA,NA,NA,NA,NA,4.591004128571429,NA,NA
2020-04-28,0.17160202720485673,NA,NA,NA,NA,NA,NA,NA,4.703185671428571,NA,NA
2020-04-29,0.17126299784328855,NA,NA,NA,NA,NA,NA,NA,4.824886571428571,NA,NA
2020-04-30,0.17105115531940057,NA,NA,NA,NA,NA,NA,NA,4.942954585714285,NA,NA
2020-05-01,0.17097263677113733,NA,NA,NA,NA,NA,NA,NA,5.068264185714286,NA,NA
2020-05-02,0.17103004477654066,NA,NA,NA,NA,NA,NA,NA,5.192121257142857,NA,NA
2020-05-03,0.17122155164258893,NA,NA,NA,NA,NA,NA,NA,5.315707542857143,NA,NA
2020-05-04,0.1715396486680163,NA,NA,NA,NA,NA,NA,NA,5.427229242857143,NA,NA
2020-05-05,0.17197146950976533,NA,NA,NA,NA,NA,NA,NA,5.527830542857143,NA,NA
2020-05-06,0.17250234335252304,NA,NA,NA,NA,NA,NA,NA,5.645574557142857,NA,NA
2020-05-07,0.17311441098832434,NA,NA,NA,NA,NA,NA,NA,5.7728049142857145,NA,NA
2020-05-08,0.17378804336818007,NA,NA,NA,NA,NA,NA,NA,5.911148328571429,NA,NA
2020-05-09,0.17450214467430689,NA,NA,NA,NA,NA,NA,NA,6.070889442857142,NA,NA
2020-05-10,0.17523741303364884,NA,NA,NA,NA,NA,NA,NA,6.229186242857143,NA,NA
2020-05-11,0.17597386558698516,NA,NA,NA,NA,NA,NA,NA,6.398500614285714,NA,NA
2020-05-12,0.17669399544887784,NA,NA,NA,NA,NA,NA,NA,6.5653328,NA,NA
2020-05-13,0.17738795795821408,NA,NA,NA,NA,NA,NA,NA,6.707285642857143,NA,NA
2020-05-14,0.17805099171221217,NA,NA,NA,NA,NA,NA,NA,6.840831742857143,NA,NA
2020-05-15,0.17867782964718287,NA,NA,NA,NA,NA,NA,NA,6.963001557142857,NA,NA
2020-05-16,0.17927758467617225,NA,NA,NA,NA,NA,NA,NA,7.065919257142857,NA,NA
2020-05-17,0.1798615708547284,NA,NA,NA,NA,NA,NA,NA,7.171010657142857,NA,NA
2020-05-18,0.18044588911847648,NA,NA,NA,NA,NA,NA,NA,7.278320542857143,NA,NA
2020-05-19,0.1810546230469623,NA,NA,NA,NA,NA,NA,NA,7.401094971428572,NA,NA
2020-05-20,0.1817141180663526,NA,NA,NA,NA,NA,NA,NA,7.5299775,NA,NA
2020-05-21,0.1824532042899573,NA,NA,NA,NA,NA,NA,NA,7.665744457142857,NA,NA
2020-05-22,0.18330323794519707,NA,NA,NA,NA,NA,NA,NA,7.794198828571428,NA,NA
2020-05-23,0.18429097564078184,NA,NA,NA,NA,NA,NA,NA,7.927376142857143,NA,NA
2020-05-24,0.1854467268522365,NA,NA,NA,NA,NA,NA,NA,8.054343685714286,NA,NA
2020-05-25,0.18679245594879643,NA,NA,NA,NA,NA,NA,NA,8.190602542857143,NA,NA
2020-05-26,0.18834729569086833,NA,NA,NA,NA,NA,NA,NA,8.3363622,NA,NA
2020-05-27,0.19012689112658,NA,NA,NA,NA,NA,NA,NA,8.486915842857144,NA,NA
2020-05-28,0.19213618841734023,NA,NA,NA,NA,NA,NA,NA,8.637648228571429,NA,NA
2020-05-29,0.19437619459354372,NA,NA,NA,NA,NA,NA,NA,8.799818685714285,NA,NA
2020-05-30,0.19684339578857765,NA,NA,NA,NA,NA,NA,NA,8.952366185714286,NA,NA
2020-05-31,0.1995266923744348,NA,NA,NA,NA,NA,NA,NA,9.0978356,NA,NA
2020-06-01,0.20240871358087817,NA,NA,NA,NA,NA,NA,NA,9.212368485714286,NA,NA
2020-06-02,0.20546776212952583,NA,NA,NA,NA,NA,NA,NA,9.291473757142857,NA,NA
2020-06-03,0.2086787066632414,NA,NA,NA,NA,NA,NA,NA,9.345410257142857,NA,NA
2020-06-04,0.21201286914540513,NA,NA,NA,NA,NA,NA,NA,9.37505,NA,NA
2020-06-05,0.21544063153307383,NA,NA,NA,NA,NA,NA,NA,9.383814914285715,NA,NA
2020-06-06,0.2189310658953895,NA,NA,NA,NA,NA,NA,NA,9.39088327142857,NA,NA
2020-06-07,0.2224531614343788,NA,NA,NA,NA,NA,NA,NA,9.405504128571428,NA,NA
2020-06-08,0.22597429513741413,NA,NA,NA,NA,NA,NA,NA,9.44486742857143,NA,NA
2020-06-09,0.22946587971852275,NA,NA,NA,NA,NA,NA,NA,9.50924897142857,NA,NA
2020-06-10,0.232898332284617,NA,NA,NA,NA,NA,NA,NA,9.598540228571428,NA,NA
2020-06-11,0.23624715584853917,NA,NA,NA,NA,NA,NA,NA,9.703326614285714,NA,NA
2020-06-12,0.23948313078411143,NA,NA,NA,NA,NA,NA,NA,9.821754085714286,NA,NA
2020-06-13,0.24258359170194135,NA,NA,NA,NA,NA,NA,NA,9.951796371428571,NA,NA
2020-06-14,0.2455263854743059,NA,NA,NA,NA,NA,NA,NA,10.072662342857143,NA,NA
2020-06-15,0.2482881629273255,NA,NA,NA,NA,NA,NA,NA,10.191162757142857,NA,NA
2020-06-16,0.2508457294162506,NA,NA,NA,NA,NA,NA,NA,10.30207677142857,NA,NA
2020-06-17,0.253183800465776,NA,NA,NA,NA,NA,NA,NA,10.401374314285714,NA,NA
2020-06-18,0.2552829122065491,NA,NA,NA,NA,NA,NA,NA,10.497719657142857,NA,NA
2020-06-19,0.2571257028032659,NA,NA,NA,NA,NA,NA,NA,10.592766814285714,NA,NA
2020-06-20,0.2586964982002392,NA,NA,NA,NA,NA,NA,NA,10.6764062,NA,NA
2020-06-21,0.2599812184376016,NA,NA,NA,NA,NA,NA,NA,10.778131542857142,NA,NA
2020-06-22,0.260969623360945,NA,NA,NA,NA,NA,NA,NA,10.876934871428572,NA,NA
2020-06-23,0.2616527721742932,NA,NA,NA,NA,NA,NA,NA,10.968363371428572,NA,NA
2020-06-24,0.26202488093188614,NA,NA,NA,NA,NA,NA,NA,11.060109028571429,NA,NA
2020-06-25,0.2620836841985842,NA,NA,NA,NA,NA,NA,NA,11.145002842857142,NA,NA
2020-06-26,0.2618313611453336,NA,NA,NA,NA,NA,NA,NA,11.20992527142857,NA,NA
2020-06-27,0.2612716655958264,NA,NA,NA,NA,NA,NA,NA,11.25758177142857,NA,NA
2020-06-28,0.2604154074391961,NA,NA,NA,NA,NA,NA,NA,11.269999628571428,NA,NA
2020-06-29,0.2592751808523152,NA,NA,NA,NA,NA,NA,NA,11.259020642857143,NA,NA
2020-06-30,0.25786682788556986,NA,NA,NA,NA,NA,NA,NA,11.243046228571428,NA,NA
2020-07-01,0.25620853357679757,NA,NA,NA,NA,NA,NA,NA,11.220016185714286,NA,NA
2020-07-02,0.2543222341507498,NA,NA,NA,NA,NA,NA,NA,11.201246628571429,NA,NA
2020-07-03,0.2522315024598624,NA,NA,NA,NA,NA,NA,NA,11.207358257142857,NA,NA
2020-07-04,0.24996123437100973,NA,NA,NA,NA,NA,NA,NA,11.244854842857142,NA,NA
2020-07-05,0.24753682903484,NA,NA,NA,NA,NA,NA,NA,11.31201402857143,NA,NA
2020-07-06,0.24498423544240713,NA,NA,NA,NA,NA,NA,NA,11.408925228571428,NA,NA
2020-07-07,0.242331062978661,NA,NA,NA,NA,NA,NA,NA,11.529809385714286,NA,NA
2020-07-08,0.23960029976516237,NA,NA,NA,NA,NA,NA,NA,11.65619742857143,NA,NA
2020-07-09,0.23681977964809076,NA,NA,NA,NA,NA,NA,NA,11.784638642857143,NA,NA
2020-07-10,0.2340128873262352,NA,NA,NA,NA,NA,NA,NA,11.897069057142858,NA,NA
2020-07-11,0.23120269929495557,NA,NA,NA,NA,NA,NA,NA,11.981209485714286,NA,NA
2020-07-12,0.22841090487591065,NA,NA,NA,NA,NA,NA,NA,12.034563914285714,NA,NA
2020-07-13,0.2256577843789827,NA,NA,NA,NA,NA,NA,NA,12.05005802857143,NA,NA
2020-07-14,0.22296190798548393,NA,NA,NA,NA,NA,NA,NA,12.022114871428572,NA,NA
2020-07-15,0.22034035634838556,NA,NA,NA,NA,NA,NA,NA,11.960848485714285,NA,NA
2020-07-16,0.2178079401557848,NA,NA,NA,NA,NA,NA,NA,11.8759192,NA,NA
2020-07-17,0.2153782517180168,NA,NA,NA,NA,NA,NA,NA,11.769972257142857,NA,NA
2020-07-18,0.21306273745192855,NA,NA,NA,NA,NA,NA,NA,11.661568142857144,NA,NA
2020-07-19,0.2108715134887461,NA,NA,NA,NA,NA,NA,NA,11.5642612,NA,NA
2020-07-20,0.20881313647291436,NA,NA,NA,NA,NA,NA,NA,11.481027771428572,NA,NA
2020-07-21,0.20689393891146896,NA,NA,NA,NA,NA,NA,NA,11.415627642857142,NA,NA
2020-07-22,0.20511836110372,NA,NA,NA,NA,NA,NA,NA,11.378575042857143,NA,NA
2020-07-23,0.20348931395101297,NA,NA,NA,NA,NA,NA,NA,11.345541857142857,NA,NA
2020-07-24,0.202008727000602,NA,NA,NA,NA,NA,NA,NA,11.330451442857143,NA,NA
2020-07-25,0.20067726338497535,NA,NA,NA,NA,NA,NA,NA,11.3211305,NA,NA
2020-07-26,0.19949359365851707,NA,NA,NA,NA,NA,NA,NA,11.3084052,NA,NA
2020-07-27,0.19845474113016415,NA,NA,NA,NA,NA,NA,NA,11.3013727,NA,NA
2020-07-28,0.19755679376443613,NA,NA,NA,NA,NA,NA,NA,11.292786,NA,NA
2020-07-29,0.19679525660526723,NA,NA,NA,NA,NA,NA,NA,11.286227914285714,NA,NA
2020-07-30,0.19616511195758513,NA,NA,NA,NA,NA,NA,NA,11.297212157142857,NA,NA
2020-07-31,0.1956611234422087,NA,NA,NA,NA,NA,NA,NA,11.313548357142857,NA,NA
2020-08-01,0.19527715115820568,NA,NA,NA,NA,NA,NA,NA,11.336536228571429,NA,NA
2020-08-02,0.19500714387526472,NA,NA,NA,NA,NA,NA,NA,11.364943057142858,NA,NA
2020-08-03,0.1948450428152268,NA,NA,NA,NA,NA,NA,NA,11.389485685714286,NA,NA
2020-08-04,0.1947852891904524,NA,NA,NA,NA,NA,NA,NA,11.422446928571429,NA,NA
2020-08-05,0.1948227203343706,NA,NA,NA,NA,NA,NA,NA,11.447722114285714,NA,NA
2020-08-06,0.1949523652678231,NA,NA,NA,NA,NA,NA,NA,11.462621342857142,NA,NA
2020-08-07,0.1951695297642092,NA,NA,NA,NA,NA,NA,NA,11.4681784,NA,NA
2020-08-08,0.19546959449268933,NA,NA,NA,NA,NA,NA,NA,11.463763042857144,NA,NA
2020-08-09,0.19584764921333836,NA,NA,NA,NA,NA,NA,NA,11.457246385714285,NA,NA
2020-08-10,0.1962988800186064,NA,NA,NA,NA,NA,NA,NA,11.454525757142857,NA,NA
2020-08-11,0.1968184397274556,NA,NA,NA,NA,NA,NA,NA,11.4506853,NA,NA
2020-08-12,0.1974011722657212,NA,NA,NA,NA,NA,NA,NA,11.445463614285714,NA,NA
2020-08-13,0.19804128861170017,NA,NA,NA,NA,NA,NA,NA,11.4427431,NA,NA
2020-08-14,0.19873213759537736,NA,NA,NA,NA,NA,NA,NA,11.451482828571429,NA,NA
2020-08-15,0.1994667813919993,NA,NA,NA,NA,NA,NA,NA,11.467693185714285,NA,NA
2020-08-16,0.20023859267290428,NA,NA,NA,NA,NA,NA,NA,11.487000914285714,NA,NA
2020-08-17,0.2010408320605176,NA,NA,NA,NA,NA,NA,NA,11.507115585714287,NA,NA
2020-08-18,0.20186664000513035,NA,NA,NA,NA,NA,NA,NA,11.522271442857143,NA,NA
2020-08-19,0.2027085258636886,NA,NA,NA,NA,NA,NA,NA,11.551368157142857,NA,NA
2020-08-20,0.2035597044776921,NA,NA,NA,NA,NA,NA,NA,11.588658685714286,NA,NA
2020-08-21,0.20441432458466072,NA,NA,NA,NA,NA,NA,NA,11.609727,NA,NA
2020-08-22,0.20526758282356727,NA,NA,NA,NA,NA,NA,NA,11.639132257142856,NA,NA
2020-08-23,0.20611553852646647,NA,NA,NA,NA,NA,NA,NA,11.671314814285715,NA,NA
2020-08-24,0.2069549218959262,NA,NA,NA,NA,NA,NA,NA,11.692361285714286,NA,NA
2020-08-25,0.20778299296782904,NA,NA,NA,NA,NA,NA,NA,11.714784871428572,NA,NA
2020-08-26,0.2085977473841134,NA,NA,NA,NA,NA,NA,NA,11.720214514285715,NA,NA
2020-08-27,0.20939804036555443,NA,NA,NA,NA,NA,NA,NA,11.707729671428572,NA,NA
2020-08-28,0.2101838273093441,NA,NA,NA,NA,NA,NA,NA,11.605846757142857,NA,NA
2020-08-29,0.21095563181156213,NA,NA,NA,NA,NA,NA,NA,11.491717142857143,NA,NA
2020-08-30,0.2117140081735491,NA,NA,NA,NA,NA,NA,NA,11.384240942857144,NA,NA
2020-08-31,0.21245943137080117,NA,NA,NA,NA,NA,NA,NA,11.31013632857143,NA,NA
2020-09-01,0.21319256503423628,NA,NA,NA,NA,NA,NA,NA,11.245768014285714,NA,NA
2020-09-02,0.213914098328833,NA,NA,NA,NA,NA,NA,NA,11.193516114285714,NA,NA
2020-09-03,0.2146249608118392,NA,NA,NA,NA,NA,NA,NA,11.141093942857143,NA,NA
2020-09-04,0.2153265959289779,NA,NA,NA,NA,NA,NA,NA,11.191294457142858,NA,NA
2020-09-05,0.21602122893810188,NA,NA,NA,NA,NA,NA,NA,11.262655285714285,NA,NA
2020-09-06,0.2167111937378089,NA,NA,NA,NA,NA,NA,NA,11.342001271428572,NA,NA
2020-09-07,0.21739913940527303,NA,NA,NA,NA,NA,NA,NA,11.41718697142857,NA,NA
2020-09-08,0.2180886603906338,NA,NA,NA,NA,NA,NA,NA,11.499896399999999,NA,3.8647038
2020-09-09,0.21878365060221663,NA,NA,NA,NA,NA,NA,NA,11.580860385714285,NA,3.888827
2020-09-10,0.2194892028218495,NA,NA,NA,NA,NA,NA,NA,11.682045485714285,NA,3.8604154
2020-09-11,0.22021122166594712,NA,NA,NA,NA,NA,NA,NA,11.766262357142857,NA,3.8959188
2020-09-12,0.22095633632036904,NA,NA,NA,NA,NA,NA,NA,11.787903642857144,NA,3.9783376
2020-09-13,0.2217312559221441,NA,NA,NA,NA,NA,NA,NA,11.754410057142858,NA,3.893006
2020-09-14,0.2225434166418801,84.73492837142857,NA,38.25481717142857,61.177565928571426,22.63662377142857,44.19365764285715,14.359826571428572,11.643181757142857,NA,3.8890202
2020-09-15,0.22340001530309855,84.70401294285715,NA,38.46117318571429,60.992280814285714,22.71702707142857,43.9112595,14.359381171428572,11.467626042857143,NA,3.8413213
2020-09-16,0.2243083226922856,84.70822025714286,NA,38.44613497142857,60.97099278571429,22.87885532857143,43.829475071428575,14.4375152,11.2588894,NA,3.8820332
2020-09-17,0.22527640607218108,84.73642324285714,NA,38.35858667142857,61.039877857142855,23.07326785714286,43.829191914285715,14.54980627142857,10.997070557142857,NA,3.8846387
2020-09-18,0.22630833503742975,84.75844495714286,NA,38.21791195714286,61.11861271428572,23.236253985714285,43.90003254285714,14.700325528571428,10.726062971428572,NA,3.8961371
2020-09-19,0.2274122481808307,84.76237254285714,NA,38.078864485714284,61.153422757142856,23.330530742857142,43.94488527142857,14.843388871428571,10.48531927142857,NA,3.8982209
2020-09-20,0.22859230894481805,84.74818371428572,NA,38.09185167142857,61.13916245714286,23.376321885714287,43.93582911428572,14.904679528571428,10.274498414285715,NA,3.9752078
2020-09-21,0.22985198968934423,84.74305785714286,NA,38.16260644285714,61.12663694285714,23.411326157142856,43.893826014285715,14.949520957142857,10.122256057142858,NA,4.0187475
2020-09-22,0.23119344964661925,84.74442108571428,NA,38.19559611428571,61.14004457142857,23.490314014285715,43.928311914285715,15.018155528571429,10.0202966,NA,4.0812551
2020-09-23,0.23261770196036213,84.74093552857143,NA,38.22224202857143,61.154327,23.568504514285713,43.987277057142855,15.1088182,9.944018014285714,NA,4.0245679
2020-09-24,0.23412444408396535,84.71133595714286,NA,38.22547562857143,61.136178457142854,23.649313257142857,44.04596841428572,15.215757714285713,9.910678514285715,NA,4.0163417
2020-09-25,0.23571221536009165,84.67677332857143,NA,38.22938197142857,61.08395857142857,23.750584585714286,44.083250528571426,15.316220357142857,9.896014428571428,NA,4.0166751
2020-09-26,0.23737843214940507,84.62981245714286,NA,38.22552804285714,61.038736085714284,23.848342457142856,44.128237,15.423698357142857,9.903557885714285,NA,4.0294337
2020-09-27,0.2391195517691958,84.60410551428572,NA,38.22037517142857,60.988809114285715,23.914532942857143,44.132587542857145,15.518428957142858,9.911015214285715,NA,3.9895328
2020-09-28,0.2409311832171996,84.57294457142858,NA,38.192783157142856,60.95963452857143,23.989280957142856,44.145712471428574,15.59609257142857,9.925032100000001,NA,3.9683007
2020-09-29,0.24280816933521107,84.54047172857143,NA,38.15689792857143,60.938182614285715,24.055803557142855,44.15383502857143,15.667507642857142,9.940489942857143,NA,4.0251169
2020-09-30,0.24474485605091795,84.49759614285715,NA,38.118882157142856,60.92628691428571,24.124089914285715,44.16501965714286,15.7229711,9.9527041857142855,NA,4.0500819
2020-10-01,0.2467356263798807,84.46163615714286,NA,38.09798462857143,60.94327044285714,24.18669172857143,44.18303385714286,15.762838085714286,9.972324414285714,NA,4.0658108
2020-10-02,0.2487752066298699,84.47223272857143,NA,38.07090597142857,60.98605474285714,24.196637328571427,44.15234315714286,15.767028328571428,9.9805338,NA,4.0334579
2020-10-03,0.25085859886892564,84.51794268571429,NA,38.016739814285714,60.987904914285714,24.1587982,44.05575341428572,15.716081342857143,9.973569171428572,NA,3.978464
2020-10-04,0.25298102970183467,84.57900541428572,NA,37.95507714285714,60.976952614285715,24.10139137142857,43.937805514285714,15.637426585714286,9.968207728571429,NA,3.9698358
2020-10-05,0.2551379020556558,84.67082911428571,NA,37.89303794285714,60.91094224285714,23.993455442857144,43.74194075714286,15.510239871428572,9.931608885714285,NA,3.916512
2020-10-06,0.2573251811038925,84.77876112857143,NA,37.85126904285714,60.83111208571429,23.858710685714286,43.513400342857146,15.360066257142858,9.877164842857143,NA,3.8329016
2020-10-07,0.2595398086526827,84.92310825714286,NA,37.803617,60.74198451428571,23.710615942857142,43.26595157142857,15.201287157142858,9.821878857142858,NA,3.8235494
2020-10-08,0.2617797352870115,85.08419127142857,NA,37.746934828571426,60.628703228571425,23.5366615,42.982559314285716,15.0355943,9.75531412857143,NA,3.8043841
2020-10-09,0.2640433833039474,85.18713477142857,NA,37.72177362857143,60.516177514285715,23.388309414285715,42.77227414285714,14.918534428571428,9.711903371428571,NA,3.8295193
2020-10-10,0.26632887154036006,85.25720737142856,NA,37.71763425714286,60.4538549,23.299108085714284,42.64179637142857,14.855783985714286,9.677965828571429,NA,3.8356379
2020-10-11,0.2686337820469773,85.29120787142857,NA,37.72921914285715,60.398899657142856,23.235026742857144,42.545308885714284,14.833840028571428,9.661541699999999,NA,3.8814579
2020-10-12,0.2709552110401096,85.28557344285714,NA,37.7395134,60.41152638571429,23.228590357142856,42.542425828571425,14.872939757142857,9.683682485714286,NA,3.9159419
2020-10-13,0.2732901075073377,85.26127838571428,NA,37.71797908571428,60.43407248571429,23.26563967142857,42.57837788571428,14.936352857142857,9.7233764,NA,3.8838568
2020-10-14,0.2756345648796231,85.20322317142858,NA,37.68931947142857,60.46181547142857,23.326950357142856,42.62716804285714,15.016983828571428,9.789187414285713,NA,3.8724263
2020-10-15,0.27798288273031535,85.14264462857143,NA,37.6622547,60.493267357142855,23.402570385714284,42.714793,15.116946,9.873262057142856,NA,3.8527238
2020-10-16,0.28032579219331055,85.10018651428571,NA,37.589765042857145,60.50928372857143,23.48700492857143,42.7643423,15.193048142857144,9.957263942857143,NA,3.829376
2020-10-17,0.2826524102786426,85.07732588571429,NA,37.49970401428571,60.50885305714286,23.539739057142857,42.76213092857143,15.249511685714285,10.043662528571428,NA,3.8133964
2020-10-18,0.28494851334201493,85.07792362857143,NA,37.39589011428571,60.499666857142856,23.58763747142857,42.75454174285714,15.273200985714286,10.100454314285715,NA,3.7704335
2020-10-19,0.28719729595129906,85.10168514285715,NA,37.32090217142857,60.451150385714286,23.598256585714285,42.70222402857143,15.268683714285714,10.138991642857142,NA,3.7707217
2020-10-20,0.289378347612011,85.13436241428572,NA,37.281361957142856,60.39947108571429,23.5810694,42.62903627142857,15.261026214285714,10.180397485714286,NA,3.8383623
2020-10-21,0.29146820530226425,85.18987334285714,NA,37.26383322857143,60.35615821428571,23.5434777,42.5601494,15.250361857142858,10.1956425,NA,3.8427212
2020-10-22,0.29344024826566123,85.22952707142858,NA,37.250354671428575,60.314847557142855,23.53088372857143,42.489484114285716,15.243016814285715,10.180036057142857,NA,3.9065259
2020-10-23,0.2952647178333313,85.26399082857144,NA,37.27876017142857,60.297084014285716,23.517977357142858,42.45395257142857,15.256702285714287,10.155296257142858,NA,3.9222811
2020-10-24,0.2969093943166557,85.29391551428571,NA,37.335848385714286,60.258973985714285,23.496414128571427,42.43123068571429,15.254919885714285,10.108959528571429,NA,3.8869272
2020-10-25,0.2983415730035339,85.32020221428571,NA,37.38819647142857,60.23128941428571,23.441923542857143,42.394676985714284,15.261523928571428,10.0772159,NA,3.8690814
2020-10-26,0.2995297589464883,85.34599854285715,NA,37.4095187,60.18864027142857,23.373491057142857,42.33868505714286,15.259049300000001,10.035878042857142,NA,3.7865758
2020-10-27,0.30044575758393766,85.38206851428572,NA,37.39134092857143,60.11697241428571,23.282047885714285,42.247656771428574,15.237300457142858,9.970182328571429,NA,3.7829
2020-10-28,0.3010642616449432,85.46345068571428,NA,37.32328397142857,59.99500141428571,23.165401142857142,42.096863385714286,15.178998542857142,9.88925117142857,NA,3.8077081
2020-10-29,0.30136399543009296,85.60454104285714,NA,37.241581957142856,59.88752967142857,23.00258955714286,41.92385277142857,15.077357314285715,9.81485107142857,NA,3.8038015
2020-10-30,0.3013314101710907,85.76500325714285,NA,37.10529312857143,59.77069837142857,22.81353812857143,41.69724942857143,14.930638814285714,9.730445414285715,NA,3.7658021
2020-10-31,0.30096300188893366,85.92943807142856,NA,36.951459314285714,59.67802511428571,22.614990300000002,41.45198595714286,14.815926857142857,9.6637572,NA,3.8061469
2020-11-01,0.3002665356209124,86.08998572857142,NA,36.812517285714286,59.59762528571429,22.415808171428573,41.26525857142857,14.7414948,9.592226514285715,NA,3.8365741
2020-11-02,0.29925936557659444,86.23250727142857,NA,36.72286425714286,59.55341017142857,22.229196085714285,41.1161581,14.688725571428572,9.528085757142858,NA,3.8574306
2020-11-03,0.29796731316703046,86.34450988571429,NA,36.65530317142857,59.56649564285714,22.075948914285714,41.02420728571428,14.6963441,9.4636247,NA,3.8341489
2020-11-04,0.29642479529987625,86.34522905714286,NA,36.62870025714286,59.629914157142856,21.955030242857145,41.00694718571429,14.772526571428571,9.410657814285715,NA,3.810694
2020-11-05,0.29467402472424997,86.2517262,NA,36.59018835714286,59.618269,21.845436028571427,40.962383457142856,14.884038171428571,9.350290885714285,NA,3.8463482
2020-11-06,0.2927624690161963,86.15970732857143,NA,36.580890957142856,59.533383914285714,21.727940342857142,40.90498384285714,15.018502814285714,9.280473414285714,NA,3.8171275
2020-11-07,0.29074103437905524,86.04421394285714,NA,36.57541225714286,59.39433632857143,21.661427714285715,40.85899382857143,15.122568742857142,9.201538328571429,NA,3.8117735
2020-11-08,0.28866233253049994,85.89778512857143,NA,36.57729118571429,59.20143767142857,21.655465614285713,40.689889300000004,15.136860585714286,9.120217957142858,NA,3.8389892
2020-11-09,0.28657721380617324,85.77214957142857,NA,36.549711085714286,58.97233972857143,21.66279607142857,40.47557552857143,15.093908714285714,9.0315101,NA,3.8733311
2020-11-10,0.28453229788263534,85.70106001428572,NA,36.51587011428572,58.64156327142857,21.639317542857142,40.194735585714284,14.925357942857143,8.951851528571428,NA,3.7740397
2020-11-11,0.2825674458157695,85.72618117142858,NA,36.4779018,58.26113088571429,21.59545837142857,39.85809171428571,14.663869271428572,8.88387367142857,NA,3.7331336
2020-11-12,0.2807170157584344,85.83458921428571,NA,36.43446777142857,57.909984557142856,21.5421324,39.518480585714286,14.3514026,8.828033357142857,NA,3.6148079
2020-11-13,0.2790111345028595,85.95184264285714,NA,36.39098348571429,57.601195142857144,21.497310757142856,39.19026725714286,14.006649814285714,8.793102757142856,NA,3.5827469
2020-11-14,0.27747231885453527,86.13877637142858,NA,36.342912057142854,57.32730088571429,21.350149,38.803870814285716,13.612219985714285,8.750415,NA,3.526694
2020-11-15,0.27611379630974847,86.43475678571428,NA,36.24925317142857,57.07347622857143,21.098022628571428,38.40812341428571,13.19171572857143,8.69180647142857,NA,3.4298334
2020-11-16,0.27493903088353727,86.76981941428572,NA,36.10285354285714,56.80690142857143,20.785787914285713,37.96437505714286,12.768698142857144,8.620592585714286,NA,3.3638615
2020-11-17,0.2739440713267802,87.10212938571429,NA,35.95273305714286,56.61867777142857,20.459195642857143,37.52790312857143,12.3919476,8.549335485714286,NA,3.3949276
2020-11-18,0.27311919218916325,87.43880645714286,NA,35.77536522857143,56.43463295714286,20.079556414285715,37.03508231428572,12.018435242857143,8.4464178,NA,3.3407098
2020-11-19,0.27244875615400893,87.78536172857143,NA,35.61020765714286,56.26723857142857,19.645334642857144,36.508949414285716,11.642828542857142,8.32731982857143,NA,3.3249307
2020-11-20,0.2719117758619559,88.15809492857143,NA,35.450356400000004,56.121059357142855,19.15269047142857,35.957385099999996,11.262453728571428,8.17375972857143,NA,3.2930381
2020-11-21,0.27148363575749374,88.51574331428571,NA,35.284331442857145,55.98617372857143,18.661082614285714,35.424859285714284,10.8948503,8.01618042857143,NA,3.2722747
2020-11-22,0.2711366333863395,88.83382992857143,NA,35.144169028571426,55.87206632857143,18.168152257142857,34.92517278571429,10.550090057142857,7.877724857142857,NA,3.2597521
2020-11-23,0.2708401947804385,89.13837018571428,NA,35.02993917142857,55.80423237142857,17.665403585714287,34.447380485714284,10.212776,7.7527145,NA,3.2350101000000002
2020-11-24,0.2705641938151374,89.44172291428572,NA,34.878436185714286,55.76481375714286,17.147051657142857,33.97192091428572,9.868153371428571,7.6295179285714285,NA,3.2496637
2020-11-25,0.27028258464647825,89.71110495714285,NA,34.71087635714286,55.83449864285714,16.68658227142857,33.588429485714286,9.558411,7.553837385714286,NA,3.2648674
2020-11-26,0.26997614466913966,89.93599795714286,NA,34.51262737142857,55.9960337,16.2645219,33.358624514285715,9.299449214285714,7.527092242857143,NA,3.296867
2020-11-27,0.2696315683393935,90.11251217142858,NA,34.10363704285714,56.057743342857144,15.851601914285714,33.42222407142857,9.139265057142858,7.570800185714286,NA,3.2788616
2020-11-28,0.26923984668834117,90.25229864285714,NA,33.48909627142857,56.034233414285715,15.462712157142857,33.64180797142857,9.060737657142857,7.664341971428572,NA,3.2539746
2020-11-29,0.26879865939089403,90.366500442857145,NA,32.7655125,55.96495901428572,15.1078129,33.96982547142857,9.05559602857143,7.786696542857143,NA,3.2126958
2020-11-30,0.2683144013015321,90.4471016,78.66866715714286,32.035798914285714,55.82761587142857,14.7924634,34.38755724285714,9.097553871428572,7.954415200000001,NA,3.2034029
2020-12-01,0.2678019748357996,90.49951782857143,78.82797045714285,31.362784628571426,55.58898765714286,14.5085246,34.83462074285714,9.18683557142857,8.147886071428571,NA,3.1601746
2020-12-02,0.2672833423475818,90.52845618571429,78.90398511428572,30.766860714285713,55.202704971428574,14.220354414285714,35.282311285714286,9.302586742857143,8.334678285714286,NA,3.1628099
2020-12-03,0.26678547346630693,90.55197077142857,78.9634869,30.25590432857143,54.65801164285715,13.985694257142857,35.56752755714286,9.4011063,8.480895585714286,NA,3.1276514
2020-12-04,0.26633830847118845,90.58482308571429,79.02345134285714,30.146374614285712,54.31223191428572,13.863551514285714,35.372617528571425,9.384002314285715,8.566456057142856,NA,3.1737745
2020-12-05,0.26597211996799835,90.63006462857143,79.07064998571428,30.43705454285714,54.11479274285714,13.807354514285715,34.93031617142857,9.2963938,8.5881464,NA,3.1795098
2020-12-06,0.26571458034172996,90.66219822857143,79.12073477142857,30.920790699999998,53.98248052857143,13.793711542857142,34.34669181428571,9.162938385714286,8.552228071428571,NA,3.1759737
2020-12-07,0.2655909818580859,90.69561105714286,79.1873185,31.461462957142857,53.9269612,13.8249026,33.7023269,9.026420971428571,8.437517228571428,NA,3.1695994
2020-12-08,0.26562519477098745,90.72805057142857,79.24436601428572,31.991119057142857,53.95616471428571,13.882100385714287,33.06630891428571,8.880721514285714,8.260732042857143,NA,3.1664913
2020-12-09,0.2658370102112974,90.79225671428571,79.30199067142857,32.48805792857143,54.061684542857144,13.950148228571429,32.41759702857143,8.721910714285714,8.033898928571428,NA,3.1500839
2020-12-10,0.26623764566799135,90.86157055714285,79.3611884142857,32.958370214285715,54.27426517142857,14.0045418,31.8582626,8.579218442857142,7.789509214285714,NA,3.1670145
2020-12-11,0.2668277096872389,90.92027264285714,79.42251764285714,33.24437301428571,54.39929131428571,14.017105442857144,31.540342214285715,8.500387571428572,7.551123028571428,NA,3.160189
2020-12-12,0.2675992929566852,90.96863975714285,79.49936417142857,33.34107145714286,54.461641199999995,14.012648314285714,31.37869337142857,8.455430242857142,7.3379750999999995,NA,3.1342447
2020-12-13,0.26853908390231224,91.0169463,79.57494288571428,33.37122597142857,54.5175668,14.006818214285715,31.321190342857143,8.447048842857143,7.158016771428572,NA,3.1368779
2020-12-14,0.26962768428624934,91.06033661428572,79.66017114285714,33.387772285714284,54.58169038571428,13.982606785714285,31.30311927142857,8.433349485714286,7.023332014285714,NA,3.1506953
2020-12-15,0.27083677063478,91.10078574285714,79.76657984285714,33.40326101428571,54.64717592857143,13.963319485714287,31.2890261,8.417384457142857,6.932907728571428,NA,3.1863996
2020-12-16,0.27212924197712085,91.11487614285714,79.88842648571429,33.41164507142857,54.732509928571424,13.954978214285715,31.299750714285715,8.405267257142857,6.885084785714286,NA,3.1937124
2020-12-17,0.2734608804959941,91.12213128571429,80.03078824285714,33.38575754285714,54.782297314285714,13.935672657142858,31.29436317142857,8.387013728571429,6.873120428571428,NA,3.201016
2020-12-18,0.27478202055107664,91.11746884285714,80.18079335714286,33.34083428571429,54.83628711428572,13.911986385714286,31.289541371428573,8.370795685714286,6.881793914285714,NA,3.2311926
2020-12-19,0.27603880434135813,91.10395404285714,80.31747828571429,33.285424657142855,54.902280857142856,13.876410371428571,31.27589762857143,8.362286985714286,6.898815071428571,NA,3.2811334
2020-12-20,0.27717605051000466,91.08636062857143,80.4589625,33.191442571428574,54.93154868571428,13.821584528571428,31.232309314285715,8.339935514285715,6.926061985714286,NA,3.2860004
2020-12-21,0.2781412581949385,91.0708102,80.59570087142858,33.00239834285714,54.90638558571429,13.747907757142857,31.164875814285715,8.312501528571428,6.961179828571429,NA,3.2621638
2020-12-22,0.27888498379591,91.05766938571429,80.71007835714286,32.74257841428572,54.901603,13.666716228571428,31.10964547142857,8.286219585714285,7.015659342857143,NA,3.249583
2020-12-23,0.27935956190959765,91.05518224285714,80.81460555714285,32.40527457142857,54.91618315714286,13.5776888,31.05310432857143,8.248674114285715,7.092184285714286,NA,3.2223472
2020-12-24,0.2795207820257833,91.06383558571429,80.91432538571429,31.983484114285712,55.02990617142857,13.496445314285713,31.073914357142858,8.214738185714285,7.194142328571428,NA,3.1772382
2020-12-25,0.27933464867673263,91.10823122857143,81.01980495714285,31.375520042857143,55.07327551428571,13.35969967142857,31.273445514285715,8.211813471428572,7.340216985714286,NA,3.1364729
2020-12-26,0.27878289299245135,91.16034865714286,81.12584194285714,30.50103462857143,54.8306957,13.139550828571428,31.665415114285715,8.236516942857143,7.5188735,NA,3.0300199
2020-12-27,0.27786153548938514,91.21985277142856,81.22493622857142,29.509278642857144,54.481450714285714,12.894510171428571,32.16553722857143,8.269803742857142,7.7089448,NA,2.9843979
2020-12-28,0.2765769348718171,91.28420111428571,81.3069469,28.528395757142857,54.0665679,12.653371057142857,32.73832214285714,8.314177542857143,7.917039528571428,NA,2.9993238
2020-12-29,0.2749447912547243,91.34878394285714,81.38714734285715,27.557075657142857,53.51540444285715,12.40395107142857,33.30862872857143,8.359864142857143,8.126221885714285,NA,2.9274152
2020-12-30,0.2729923465468396,91.41181528571428,81.45848481428571,26.631962014285715,52.82617595714286,12.176892314285714,33.880721328571425,8.430437485714286,8.330957042857143,NA,2.9200873
2020-12-31,0.270758413358202,91.46690127142857,81.4943302,25.783818028571428,51.954973114285714,11.963879714285714,34.34407877142857,8.493779614285714,8.5166482,NA,2.8874189
2021-01-01,0.2682906133640519,91.49002005714286,81.48583185714286,25.15841072857143,51.15777944285714,11.867806214285714,34.54056002857143,8.48806737142857,8.658250714285714,NA,2.8579001
2021-01-02,0.2656422331461787,91.51148302857143,81.46389784285715,24.846971014285714,50.765748342857144,11.946655057142857,34.35362477142857,8.420167857142857,8.77572017142857,NA,2.8824377
2021-01-03,0.2628699234451699,91.53604234285714,81.4102086,24.701174357142857,50.570952142857145,12.120841457142857,33.96680631428572,8.328973471428572,8.880147385714286,NA,2.9190286
2021-01-04,0.2600303232318431,91.55772998571429,81.34858875714286,24.678264857142857,50.47592437142857,12.3264167,33.44704107142857,8.2175491714285709,8.953945914285715,NA,2.8900041
2021-01-05,0.2571752618480762,91.57369388571429,81.27312297142858,24.801935814285713,50.46454667142857,12.53599652857143,32.86155801428571,8.100693228571428,8.991766742857143,NA,2.9101863
2021-01-06,0.2543514635596007,91.58249667142857,81.18404544285714,25.047987557142857,50.498383357142856,12.70083137142857,32.19955018571429,7.957844242857143,8.990773542857143,NA,2.8982231
2021-01-07,0.251602155012544,91.59293801428572,81.07475524285714,25.425534471428573,50.5378573,12.838387785714286,31.53031232857143,7.8156862857142855,8.952889,NA,2.8953619
2021-01-08,0.2489673178476706,91.62732078571429,80.97804885714285,25.933685085714288,50.517469871428574,12.897214385714285,30.8353392,7.673721328571428,8.867220185714286,NA,2.9059697
2021-01-09,0.2464807289869408,91.67922511428571,80.89291487142857,26.65876682857143,50.42815472857143,12.895160914285714,30.2660615,7.541800571428571,8.738930728571429,NA,2.924171
2021-01-10,0.2441658762905998,91.7473288857143,80.86281714285714,27.4661997,50.29737287142857,12.840664185714285,29.77090087142857,7.4195723000000005,8.559630942857144,NA,2.8885506
2021-01-11,0.2420378041277561,91.81970607142857,80.84347545714286,28.2589952,50.17320287142857,12.783514557142857,29.34309397142857,7.313645785714286,8.344571985714285,NA,2.9053906
2021-01-12,0.24010642900464668,91.9130972,80.84320398571428,28.973651385714284,50.0438464,12.722605814285714,28.950792828571426,7.204777485714286,8.1045144,NA,2.8849385
2021-01-13,0.23837800778350535,92.0298179,80.86002088571429,29.630611457142855,49.983854071428574,12.690359942857143,28.632272271428572,7.102992742857143,7.851146014285714,NA,2.8941619
2021-01-14,0.23685466113707196,92.15127254285714,80.9352489,30.21067402857143,50.054703471428574,12.685859214285713,28.387608457142857,7.009240228571429,7.5958670999999995,NA,2.8983055
2021-01-15,0.23553350020362576,92.26783925714285,81.02401597142857,30.665947428571428,50.19267827142857,12.715097714285713,28.274225728571427,6.946026157142857,7.372175671428571,NA,2.8927535
2021-01-16,0.2344076260157866,92.36250624285714,81.10953384285715,30.890884485714285,50.28205802857143,12.741413357142857,28.23994582857143,6.906595614285714,7.176879771428571,NA,2.9329011
2021-01-17,0.23346737598922468,92.42162602857142,81.16336412857143,31.03457525714286,50.3782865,12.800088228571429,28.274462442857143,6.895128628571428,7.026891942857143,NA,2.9787784
2021-01-18,0.2327008800582635,92.47644095714286,81.22098708571428,31.10445137142857,50.49743938571429,12.873072357142858,28.372155485714284,6.897568042857143,6.9150431,NA,2.9813036
2021-01-19,0.23209446659083027,92.50946171428572,81.26168611428571,31.184442528571427,50.685518571428574,12.990610371428572,28.55489447142857,6.928839157142857,6.849461928571428,NA,3.0141267
2021-01-20,0.2316344105017939,92.51619792857143,81.29945574285713,31.25257942857143,50.86249227142857,13.125945614285714,28.75253897142857,6.981785471428571,6.827229857142857,NA,2.9939989
2021-01-21,0.23130698442438552,92.5184878,81.31410699999999,31.313903014285714,50.9900617,13.249861985714286,28.933315742857143,7.042963614285714,6.835324185714286,NA,2.9911967
2021-01-22,0.2310978207527243,92.5015856,81.32492721428571,31.362303957142856,51.10982762857143,13.378139814285714,29.125326142857144,7.121063757142857,6.856706042857143,NA,3.018584
2021-01-23,0.23099164057399396,92.48930621428572,81.3270957,31.40699717142857,51.232945171428575,13.514814471428572,29.331080828571427,7.211045742857143,6.874635185714285,NA,3.0003929
2021-01-24,0.23097228430708863,92.49139127142857,81.33222202857142,31.438960114285713,51.33871857142857,13.630865214285715,29.508167757142857,7.297611742857143,6.886797857142857,NA,2.9981334
2021-01-25,0.23102484017547992,92.4845282,81.33717068571428,31.568286257142855,51.398032414285716,13.719816542857142,29.63468657142857,7.382181328571429,6.897238114285714,NA,2.9889113
2021-01-26,0.23113603127554255,92.48171005714286,81.36350838571428,31.71448482857143,51.38157818571428,13.759045814285715,29.661196585714286,7.452371657142857,6.887301114285714,NA,3.0119349
2021-01-27,0.2312933699753437,92.48447355714286,81.3958298,31.857596357142857,51.339882714285714,13.7752673,29.65862377142857,7.506800114285714,6.851865742857143,NA,3.0471
2021-01-28,0.23148481489708425,92.47311954285715,81.42890604285714,31.9971752,51.30068517142857,13.802126285714285,29.662995257142857,7.559932057142857,6.798791928571428,NA,3.0687595
2021-01-29,0.2316987414219548,92.4628112,81.46266831428571,32.1355889,51.259806942857146,13.816284071428571,29.655506071428572,7.603846585714286,6.742115628571429,NA,3.0835047
2021-01-30,0.2319251039052857,92.43262548571428,81.51832072857142,32.271888614285714,51.209269414285714,13.822428385714286,29.618648542857144,7.641468671428572,6.6860076,NA,3.1063147
2021-01-31,0.23215608588519257,92.39460325714286,81.56160037142857,32.96784721428571,52.00508311428572,14.076900628571428,30.087173714285715,7.803969085714286,6.6226332857142856,NA,3.4732843
2021-02-01,0.23238571959631357,92.35456825714286,81.58396387142857,33.589348085714285,52.81013455714286,14.372278057142857,30.5385108,7.966526828571429,6.562077114285715,NA,3.5148
2021-02-02,0.23260961272671257,92.29334578571428,81.57916997142857,34.198333485714286,53.67087402857143,14.7218954,31.060687442857144,8.143318257142857,6.519350328571429,NA,3.4799654
2021-02-03,0.23282486719591064,92.22720672857143,81.5621045,34.803072785714285,54.576451014285716,15.108970857142857,31.616765142857144,8.331853642857144,6.487803128571429,NA,3.4706648
2021-02-04,0.23303009602239796,92.1589494,81.53172148571429,35.4005041,55.52582532857143,15.515104742857144,32.18263124285714,8.519123685714286,6.4730202142857145,NA,3.5190332
2021-02-05,0.2332253053428485,92.08090387142857,81.49357191428571,35.99488221428572,56.480875371428574,15.950878628571429,32.75714094285714,8.712076242857144,6.464472,NA,3.5327657
2021-02-06,0.2334116718378526,92.02336291428571,81.44018854285714,36.59941867142857,57.44479467142857,16.3844401,33.3461995,8.9081787,6.474423057142857,NA,3.5297452
2021-02-07,0.2335911809662385,91.96513061428571,81.3954234,36.65380377142857,57.58274674285714,16.584238442857142,33.4360186,8.975052914285715,6.508304671428571,NA,3.5501436
2021-02-08,0.233766475253436,91.9106733,81.36772807142857,36.75341822857143,57.75394817142857,16.729977714285713,33.607579328571425,9.0478336,6.536277057142857,NA,3.5313826
2021-02-09,0.2339409919347388,92.079933,81.35299524285715,36.83399094285714,57.88823955714286,16.827408142857145,33.75771961428571,9.107305114285715,6.559064657142857,NA,3.5662766
2021-02-10,0.23411858497499788,92.0933281,81.35194214285714,36.92027197142857,58.02079155714286,16.892203114285714,33.88977347142857,9.173381457142858,6.5864196,NA,3.6333406
2021-02-11,0.23430328504356937,92.0352505,81.36367227142857,36.99687447142857,58.114737614285715,16.921709857142858,34.00750687142857,9.231259728571429,6.613595271428571,NA,3.5900683
2021-02-12,0.234498905056335,91.9759634,81.37635081428571,37.074786342857145,58.2005396,16.918811257142856,34.10239805714286,9.293203714285715,6.640330085714286,NA,3.6012763
2021-02-13,0.2347091599133545,91.962879,81.38645671428571,37.12767527142857,58.28723084285714,16.90710545714286,34.176377828571425,9.354630157142857,6.659034428571428,NA,3.6369425
2021-02-14,0.23493894607649152,91.9906717,81.40852682857142,37.1441928,58.331658757142854,16.881914614285716,34.20335408571428,9.411362657142858,6.6642629428571425,NA,3.636638
2021-02-15,0.23519445567676855,91.9949189,81.45214031428571,37.06277582857143,58.32747164285714,16.928251942857145,34.102214357142856,9.448072242857142,6.684869428571428,NA,3.6433839
2021-02-16,0.23548296052474224,91.980357,81.51657781428571,36.87528982857143,58.27377492857143,16.988255014285716,33.945899499999996,9.464657957142856,6.705302457142857,NA,3.6038874
2021-02-17,0.2358124699066182,91.9649366,81.57006042857142,36.600983414285714,58.14981517142857,17.057181671428573,33.76892418571428,9.447085928571429,6.730329057142857,NA,3.5932488
2021-02-18,0.23619177023460247,91.9731512,81.6276438,36.286607714285715,57.99838917142857,17.142698914285713,33.574041671428574,9.441582157142857,6.759430628571429,NA,3.6051676
2021-02-19,0.2366310562540449,91.9421181,81.68942301428572,35.89611631428571,57.79147892857143,17.2244135,33.37440757142857,9.401502728571428,6.787852914285715,NA,3.5981018
2021-02-20,0.23714173530362645,91.8716991,81.75635235714286,35.46710877142857,57.53983712857143,17.337107514285716,33.20010102857143,9.3638869,6.8229897571428575,NA,3.6047071
2021-02-21,0.23773645403203353,91.7546036,81.80648975714286,35.06685375714286,57.30142541428572,17.487906,33.14990121428571,9.360334057142857,6.863583714285714,NA,3.6284222
2021-02-22,0.23842920084746264,91.6494346,81.80949767142857,34.832485857142856,57.1327308,17.610106714285713,33.243672857142855,9.402227542857142,6.905804742857143,NA,3.728599
2021-02-23,0.239235132087975,91.4885984,81.76256155714286,34.83235632857143,57.12325872857143,17.77597852857143,33.47096644285714,9.502963871428571,6.964407571428572,NA,3.8088818
2021-02-24,0.2401692138424864,91.3572198,81.68681234285714,35.00761885714286,57.23427467142857,17.98652117142857,33.796479285714284,9.669684028571428,7.0273083142857145,NA,3.8288526
2021-02-25,0.24124537085462563,91.224121,81.57249692857143,35.30264867142857,57.4488605,18.2564772,34.22148811428571,9.857869,7.0942620000000005,NA,3.8619451
2021-02-26,0.2424769845131066,91.1190129,81.43467981428572,35.7520947,57.785648,18.59314632857143,34.745783485714284,10.115601371428571,7.1791035,NA,3.9385497
2021-02-27,0.24387757423898235,91.0486785,81.26738071428571,36.315275285714286,58.20242211428572,18.955728785714285,35.330917142857146,10.390518985714285,7.268998314285715,NA,3.9651077
2021-02-28,0.24546071499639077,90.9527026,81.0725068,36.9133994,58.655593257142854,19.320829385714287,35.869044314285716,10.660258885714287,7.362933614285715,NA,4.0247726
2021-03-01,0.24723766418889848,90.8763415,80.88078161428571,37.42336434285714,59.0799946,19.699813942857144,36.376544857142854,10.9239215,7.464001414285714,NA,3.9877443
2021-03-02,0.24921595961451895,90.8564997,80.70302571428572,39.6322022,53.6683064,18.9970264,33.7822735,10.793925,9.1286577,NA,4.0326245
2021-03-03,0.25140007448548196,90.754086,80.5420066,40.3021436,53.8737531,19.1223845,34.1167185,10.9743153,9.1274506,NA,4.0691426
2021-03-04,0.25379189805373126,90.6400877,80.39519277142857,40.5979166,54.0174946,19.2280238,34.1844386,11.0088157,9.1478962,NA,4.120432
2021-03-05,0.2563905193105412,90.5526983,80.25251538571429,40.7057345,54.2517937,19.4020277,34.1563182,10.9647016,9.1376932,NA,4.14298
2021-03-06,0.2591903973630636,90.4455925,80.10550272857142,40.7574542,54.7969445,20.1915095,34.5610789,11.1435436,9.2284505,NA,4.1312499
2021-03-07,0.2621799194935345,90.3209199,79.9722809,39.5566986,55.3142793,21.1357378,35.2746641,11.7215576,9.3020708,NA,4.132345
2021-03-08,0.2653420200182206,90.2105904,79.82916952857143,39.0639407,55.2596884,21.4122903,35.5161888,11.9760458,9.3569722,NA,4.1789957
2021-03-09,0.26865413842773694,90.1280513,79.67644205714286,39.0858764,55.3386579,21.5442703,35.5846391,12.0935302,9.4131091,NA,4.1875612
2021-03-10,0.2720880031488573,90.0305606,79.51101787142858,39.1846287,55.388353,21.6181583,35.6579323,12.0873413,9.4816283,NA,4.1959258
2021-03-11,0.27561020726379315,89.9319198,79.33508855714285,39.1397325,55.4021813,21.7143657,35.8083242,12.1372475,9.474769,NA,4.2041635
2021-03-12,0.27918312885653057,89.837125,79.15116631428572,39.1942679,55.5624528,21.9597838,36.0211241,12.2738027,9.5231729,NA,4.2023902
2021-03-13,0.28276588195685914,89.7621138,78.96954704285714,39.1857083,55.7093352,22.1450626,36.1904282,12.3288152,9.5274468,NA,4.2852063
2021-03-14,0.2863143054835117,89.751082,78.77948048571429,39.0251755,55.7082222,22.2453516,36.1875919,12.3615953,9.5506725,NA,4.3199359
2021-03-15,0.2897812413288171,89.751795,78.5907141,38.9352916,55.7244255,22.3266875,36.2012596,12.3780636,9.5657223,NA,4.3010608
2021-03-16,0.2931192320807777,89.6784983,78.40171737142857,38.9224018,55.8675236,22.4134302,36.3337893,12.3988946,9.6755518,NA,4.3380926
2021-03-17,0.2962846557257883,89.6911504,78.22255797142857,38.7548064,55.9517411,22.660659,36.3617367,12.4782383,9.7622867,NA,4.3659866
2021-03-18,0.29923858660504593,89.7442297,78.04752068571429,38.7736432,56.1710943,23.0301419,36.6185518,12.5861538,9.9108451,NA,4.4175859
2021-03-19,0.3019466432887615,89.7331686,77.87968367142857,38.6458526,56.0832949,23.248843,36.7271622,12.6249383,10.0228652,NA,4.4680215
2021-03-20,0.30437900472090534,89.7882476,77.73052432857142,38.5477957,56.1131264,23.4875892,36.7920249,12.7196291,10.1401416,NA,4.4565656
2021-03-21,0.306511341676995,89.7636719,77.57798004285713,38.4874503,56.2273061,23.7591902,36.8981209,12.8904706,10.3684469,NA,4.4695168
2021-03-22,0.3083273873700841,89.6690384,77.43600221428571,38.6323632,56.5279449,24.1155909,37.180922,13.0849195,10.5163248,NA,4.526428
2021-03-23,0.30981860428730507,89.6469614,77.28607981428571,38.654774,56.6845234,24.426446,37.3084213,13.1429994,10.6115925,NA,4.5319092
2021-03-24,0.31098317501702105,89.56628,77.13190795714286,38.741255,56.8864338,24.5976587,37.462214,13.2373666,10.7594376,NA,4.5346791
2021-03-25,0.3118251764748645,89.466827,76.98084397142857,38.7585047,56.9080615,24.5754725,37.2249832,13.1601347,10.8263035,NA,4.5117388
2021-03-26,0.3123535401399433,89.3756743,76.82644062857143,38.793262,57.045208,24.5494297,37.1480787,13.1488571,10.8894928,NA,4.4711304
2021-03-27,0.312582027119,89.2766994,76.64348521428572,38.8099523,57.0984658,24.5604535,37.230861,13.2039969,10.9808615,NA,4.5122435
2021-03-28,0.3125287374636047,89.1752638,76.47016974285714,38.8840856,57.2062722,24.6141608,37.232206,13.2359513,10.9471946,NA,4.5608735
2021-03-29,0.31221512332839363,89.1425591,76.29078887142857,38.8002122,57.1554271,24.5224708,37.1205435,13.2242522,11.0225131,NA,4.5699885
2021-03-30,0.3116654275370646,89.0745901,76.12587035714286,38.8159121,57.2294407,24.4839563,37.1410295,13.2835054,11.0418582,NA,4.5833876
2021-03-31,0.31090602445981885,89.0565537,75.9517551,38.7346605,57.2613295,24.3926581,37.0856796,13.2149814,10.9631481,NA,4.5980017
2021-04-01,0.3099650886303401,89.0323548,75.7677757,38.6138987,57.3464342,24.5343569,37.1677382,13.3037599,11.0419861,NA,4.6337757999999996
2021-04-02,0.30887218611220996,89.0744618,75.5947855,38.6356679,57.6950599,24.8239505,37.3866497,13.420276,11.1723309,NA,4.6731393
2021-04-03,0.3076575659843571,88.9674138,75.45192927142857,38.3521704,58.1428113,25.0162972,37.5600116,13.566185,11.3230804,NA,4.6630005
2021-04-04,0.3063517827510986,88.8554524,75.32813322857143,38.1736918,58.2355487,24.8416552,37.9476707,13.7270527,11.4841445,NA,4.6804499
2021-04-05,0.3049850796702155,88.7846648,75.21798925714286,37.9161876,57.97046,24.6411272,39.0789588,14.1053085,11.6174182,NA,4.6413394
2021-04-06,0.30358545262297126,88.6566987,75.10022424285714,37.9174637,57.9429257,24.6579363,39.4692807,14.3271581,11.7848848,NA,4.5933453
2021-04-07,0.30217748536808453,88.5103222,74.97799385714286,38.010722,57.9212701,24.7211749,39.7524839,14.4643654,11.9871896,NA,4.642646
2021-04-08,0.30078306733454946,88.3839907,74.85932644285714,37.9672342,57.9296682,24.6926656,39.8490905,14.5358288,12.0438996,NA,4.641877
2021-04-09,0.2994218717031337,88.2317877,74.70557304285714,37.9437486,57.6349915,24.5843942,39.8370792,14.5697407,12.0869211,NA,4.6306653
2021-04-10,0.2981112436546417,88.185487,74.51395664285714,38.1776368,57.2135159,24.5259262,39.6126909,14.5245525,12.0232368,NA,4.6199979
2021-04-11,0.2968636175304047,88.2158253,74.28219415714285,38.2637566,57.0175249,24.7338158,39.3477342,14.4522855,12.0078878,NA,4.5781149
2021-04-12,0.2956851221693243,88.1174916,74.02676982857143,38.5011245,57.2984956,25.0664025,38.2586329,14.1935682,11.9010621,NA,4.5823313
2021-04-13,0.29457761174236885,88.08773,73.7866204,38.6231317,57.3135778,25.1499924,37.9365414,14.0786771,11.8369013,NA,4.6524358
2021-04-14,0.2935398456912885,88.0570497,73.56055432857143,38.6872501,57.3315002,25.2641272,37.754614,14.0554912,11.7227939,NA,4.6188794
2021-04-15,0.2925679438134845,87.9948132,73.33758384285714,38.8846976,57.346261,25.302569,37.7303483,14.1049695,11.6454605,NA,4.6243988
2021-04-16,0.2916545790851948,87.8354014,73.14520778571429,38.9007388,57.418831,25.4901411,37.8204578,14.2536315,11.5686789,NA,4.6928883
2021-04-17,0.29078882602102263,87.815967,72.9845493,39.0119541,57.4169391,25.5499702,37.9301711,14.2938928,11.5019581,NA,4.7254169
2021-04-18,0.289957451534665,87.7509872,72.85782777142857,39.0616629,57.3586195,25.6026227,37.9307552,14.2949573,11.3015524,NA,4.6905469
2021-04-19,0.2891453669792605,87.6454626,72.74569911428571,39.1020507,57.3756069,25.6519445,38.0791979,14.3741963,11.2908631,NA,4.7395712
2021-04-20,0.288335892304767,87.5690555,72.62379351428572,38.9345863,57.3160901,25.6878794,38.1315255,14.4031223,11.2485091,NA,4.7351351
2021-04-21,0.28751184128688023,87.5309122,72.52071087142858,38.7998645,57.2593978,25.7111233,38.2392092,14.487733,11.2186377,NA,4.7332937
2021-04-22,0.2866569110874646,87.5430187,72.4425135,38.682827,57.232725,25.6757505,38.3521653,14.4684451,11.2016235,NA,4.7329622
2021-04-23,0.28575547770156917,87.545725,72.37342530000001,38.6521553,57.1783709,25.5543039,38.3288415,14.3232737,11.1615869,NA,4.6935139
2021-04-24,0.2847921698439682,87.4617781,72.30390637142857,38.4879712,57.227948,25.5189191,38.3740178,14.3283024,11.1409971,NA,4.6669453
2021-04-25,0.28375177293764337,87.2572212,72.2122942,38.3772881,57.4492184,25.8384339,38.5610913,14.6654372,11.2581591,NA,4.7405926
2021-04-26,0.28262049870052325,87.1032776,72.11197698571429,38.5034273,57.5932958,25.9945753,38.7676228,14.8373157,11.2582554,NA,4.732769
2021-04-27,0.2813880556620148,86.9041184,71.98997465714287,38.7475403,57.7292382,26.1482209,38.8931498,14.9367218,11.2669446,NA,4.7605804
2021-04-28,0.28004671137335296,86.5971118,71.79342007142857,38.9183368,57.8905429,26.2117185,38.913895,14.9817787,11.3501845,NA,4.8000722
2021-04-29,0.2785906959489169,86.0794483,71.51545688571429,39.0240287,58.0635187,26.4438675,39.0490204,15.1233708,11.402333,NA,4.8404381
2021-04-30,0.27701600010943245,85.7598476,71.1995573,39.1752538,58.2203934,26.5782362,39.117945,15.2490169,11.4766819,NA,4.8475555
2021-05-01,0.27532111811195087,85.504,70.84608574285714,39.3839785,58.2475448,26.8119806,39.269921600000004,15.2958424,11.5496399,NA,4.8892567
2021-05-02,0.2735093095263095,85.2477223,70.45734295714286,39.5516152,58.3719623,26.8174713,39.3813536,15.2832572,11.6381536,NA,4.8966753
2021-05-03,0.27158792175827573,85.0173283,70.03822242857143,39.5699978,58.4842596,26.9645023,39.4170991,15.3623125,11.7460429,NA,4.9768888
2021-05-04,0.2695675108851398,84.807272,69.61048784285714,39.4197316,58.6193451,27.042533,39.5821657,15.4830273,11.8152052,NA,4.9568787
2021-05-05,0.26746149087729465,84.7418022,69.24302738571429,39.3982021,58.7550336,27.1976739,39.7703728,15.6728311,11.8380386,NA,5.000127
2021-05-06,0.2652862981857124,84.8194296,68.94617695714285,39.3577485,58.8367518,27.3593686,39.884374,15.8370744,11.912361,NA,4.9973417
2021-05-07,0.26306286469433593,84.724325,68.63308462857142,39.3523584,59.0608749,27.6150165,40.2100188,15.9588383,11.9538373,NA,5.0415405
2021-05-08,0.26081665342108395,84.4557481,68.3269174,39.3865005,59.2853326,27.7566905,40.4733913,16.2765765,12.0384632,NA,5.0950331
2021-05-09,0.25857632896949023,84.3029743,68.05953902857144,39.5879604,59.501464,28.1094721,41.0006157,16.4111208,12.099126,NA,5.1636603
2021-05-10,0.25637289530139556,84.1014519,67.81189754285714,39.4841324,59.649416,28.5669767,41.8751657,16.6675151,12.2341453,NA,5.1575172
2021-05-11,0.2542388541046091,83.928634,67.58564454285714,39.5710212,59.6796083,28.8122622,42.1718963,16.7981168,12.3316282,NA,5.165482
2021-05-12,0.25220723596054817,83.640774,67.33372332857142,39.5525487,59.7217837,28.9839707,42.4301329,16.925717,12.41665,NA,5.1811767
2021-05-13,0.25031148039889883,83.3736108,67.04737885714286,39.7274645,59.7950993,29.0490377,42.6596795,17.0033079,12.4801396,NA,5.2018083
2021-05-14,0.24858472021552436,83.0885788,66.78248311428571,39.7392583,59.8800035,29.119129,42.8347988,17.1399453,12.5622715,NA,5.2730078
2021-05-15,0.24705880824407617,82.7505684,66.492822,39.7680562,59.9568473,29.2817378,42.9643414,17.1759212,12.71905,NA,5.3377163
2021-05-16,0.24576310292331363,82.1811377,66.12953492857143,39.852246,59.9211024,29.2073983,42.7054995,17.3580298,12.8774567,NA,5.3484204
2021-05-17,0.2447216565115446,81.6333874,65.70071532857143,39.9583638,59.9751367,28.9541002,42.1773467,17.3766446,12.8832004,NA,5.3958156
2021-05-18,0.24395246693955375,80.9024664,65.16520744285714,39.9800133,60.1428622,29.0111971,42.1900935,17.5405022,13.0030359,NA,5.4681962
2021-05-19,0.24346858448335823,80.2226956,64.52795751428572,40.1174265,60.3800754,29.1898346,42.2873616,17.5736086,13.0362607,NA,5.4450037
2021-05-20,0.2432782073831726,79.1793835,53.8882264,39.5690473,61.2011145,29.9579211,42.5314094,17.7638129,13.0475063,NA,5.4961784
2021-05-21,0.24338449097002127,78.2823792,54.052581000000004,39.0946702,62.011439,30.538833,42.6310677,17.9852666,13.0281787,NA,5.5389981
2021-05-22,0.24378407023375823,77.1194626,52.9812027,38.7947809,62.8452601,31.1821817,42.9131687,18.2441291,13.0492174,NA,5.528966
2021-05-23,0.24446699141242853,76.0202375,51.6730128,38.6256951,63.6877359,31.8769105,43.1585186,18.319445,13.0286914,NA,5.4920799
2021-05-24,0.24541851171877369,74.9852048,50.5622428,38.2942797,64.5368424,32.6619966,43.3878212,18.5484402,13.1133578,NA,5.4872037
2021-05-25,0.24662008653267709,73.878253,49.6733257,37.8967249,65.4956081,33.5399439,43.7310538,18.8933892,13.1499506,NA,5.5691256
2021-05-26,0.2480501870069117,72.7803855,49.0217661,37.2539444,66.1249454,34.2661955,43.9430359,19.1732197,13.22508,NA,5.6070504
2021-05-27,0.2496861160984258,71.9272058,47.7890649,37.1954002,66.4391556,34.5064571,44.1261887,19.3433842,13.3863605,NA,5.6438388
2021-05-28,0.25150564983701346,70.7811381,46.3255915,37.2641933,66.50574,34.8653294,44.380469,19.5200464,13.6161074,NA,5.6899835
2021-05-29,0.2534873709502229,70.0205571,45.1781054,37.0528238,66.5203254,34.9652061,44.4192769,19.6318083,13.7451669,NA,5.6849202
2021-05-30,0.2556113163646371,69.2323213,44.1543649,37.054301100000004,66.6224264,35.0567433,44.5590115,19.7758397,13.9405792,NA,5.7488215
2021-05-31,0.2578595138750169,68.2241297,43.0679368,36.3787297,66.7415283,35.3582176,44.8069924,20.0106108,14.0570034,NA,5.8208973
2021-06-01,0.26021821196313843,67.2004358,41.7078775,35.7750828,66.7892313,35.7363069,45.2558217,20.2401824,14.338453,NA,5.7806744
2021-06-02,0.2626798002534807,66.2956825,40.4581736,35.6881965,67.1321249,36.0328805,45.6137137,20.5284276,14.6325411,NA,5.8215871
2021-06-03,0.26524177330700555,65.3326665,38.9973258,35.693585,67.1152026,36.1953547,45.8636421,20.7603129,14.8110624,NA,5.8499225
2021-06-04,0.2679064000752373,64.5576659,37.8618858,35.6197335,67.2821303,36.2991395,46.1116129,20.9091274,15.0242458,29.4177794,5.7840838
2021-06-05,0.2706803059181019,63.3883011,36.4898731,35.731313,67.4659788,36.501121,46.241773,21.0421461,15.1448043,29.2549949,5.7840049
2021-06-06,0.27357423394424907,62.2147169,35.1376804,35.7145406,67.4112553,36.6391047,46.3240153,21.2678128,15.2523242,29.0622558,5.8491435
2021-06-07,0.276603049088517,61.2985472,33.9479031,36.3131741,67.3490368,36.6582148,46.2731798,21.2952914,15.3717217,28.7405614,5.8618345
2021-06-08,0.2797852082329975,60.5440363,33.180354,36.945067,67.4303919,36.6966149,46.161345,21.2634454,15.2442802,28.5056237,5.8586808
2021-06-09,0.2831422335675226,59.575954,32.3042818,37.1892318,67.4314661,36.8392361,46.2022316,21.3281449,15.13422,28.5289586,5.9081805
2021-06-10,0.28669813197510213,58.6751837,31.5713594,37.2227448,67.4295713,36.868735,46.1424155,21.3606936,15.1355323,28.3436002,5.9710413
2021-06-11,0.29047788016949144,57.7053317,30.6330231,37.1570802,67.4466633,37.0168134,46.0359084,21.3195514,14.9812115,27.9980321,5.9920818
2021-06-12,0.2945055844300077,57.0570107,29.9271689,37.0483211,67.4510206,37.1790794,46.1268007,21.4781361,14.9456951,27.8341437,6.1007789
2021-06-13,0.29880515994993406,56.3557641,29.2777353,37.0364814,67.5200457,37.2881742,46.2919811,21.6325162,14.8579425,27.6771934,6.1097925
2021-06-14,0.3034003074075636,55.5489332,28.7400439,37.0677037,67.6213451,37.5103813,46.4585954,21.8673739,14.8772308,27.5733052,6.1747721
2021-06-15,0.3083141970356196,54.8233568,27.9460945,36.8999232,67.6495384,37.569015,46.4266092,21.9096729,14.9499692,27.4900227,6.3260502
2021-06-16,0.31356754593196096,54.0544477,27.226877000000002,36.814477,67.6677826,37.7391458,46.5560414,21.9829304,15.0480253,27.0331894,6.4095055
2021-06-17,0.31917532774216345,53.3436748,26.2766138,36.8004385,67.8159728,37.9405264,46.5948559,21.9853344,15.0689019,26.6377535,6.4340698
2021-06-18,0.3251481886858299,52.4298389,25.4392387,36.7021405,67.9442588,38.1423565,46.7334227,22.2109626,15.2170461,26.5001385,6.5765197
2021-06-19,0.331492917912592,51.4174509,24.5507981,36.5694375,68.0698875,38.505363,46.8600093,22.2879379,15.4036911,26.2522976,6.5856751
2021-06-20,0.3382122328499795,50.4534805,23.8382007,36.4014608,68.3415026,38.8661636,47.0314496,22.4500911,15.6641799,25.9000963,6.7684911
2021-06-21,0.34530279560368543,49.5548653,22.6841936,36.2193046,68.4229973,39.0901836,47.3902615,22.4905345,15.8161009,25.6495965,6.8592216
2021-06-22,0.35275153249320745,48.6110169,21.9425524,35.9643402,68.5304835,39.4469936,47.6047658,22.6504083,16.013102,25.3243392,6.8704968
2021-06-23,0.3605370626368789,47.8187847,21.0729916,35.7699765,68.6436545,39.6010388,47.7124648,22.7306827,16.0891289,25.0556282,6.8365068
2021-06-24,0.3686303693171813,46.8584942,20.4163485,35.590183,68.6473247,39.8758431,47.9209579,22.977426,16.3627467,24.8883576,6.924784
2021-06-25,0.37699477241045376,46.2931206,19.8483805,35.5477602,68.7040492,39.9243371,48.0011196,22.9752403,16.348899,24.50747,6.8752484
2021-06-26,0.3855854885041864,45.7335275,19.1587901,35.6691231,68.6570583,39.8220195,48.0263447,23.0792991,16.3859588,24.0598589,6.8715125
2021-06-27,0.39434933787678594,45.2280883,18.3843859,35.8061155,68.4315791,39.8050932,47.8126659,23.1143409,16.4445914,23.766588,6.7867307
2021-06-28,0.4032257295420813,44.6868878,18.1154366,35.8159658,68.5124383,39.7622484,47.4039113,23.1368763,16.5096988,23.4108588,6.7611265
2021-06-29,0.4121469882730358,44.1486408,17.5839447,35.9282233,68.3484094,39.6153153,47.2944798,23.1196096,16.4472579,23.265825799999998,6.6988458
2021-06-30,0.42103873862380137,43.6693708,17.0521242,36.0286922,68.315674,39.5681163,47.1752705,23.0760889,16.6017442,23.0367051,6.7193499
2021-07-01,0.4298213900163724,43.2503265,16.4899009,36.0037974,68.3520847,39.5082012,47.1548594,22.9590515,16.5293162,22.7394025,6.6256213
2021-07-02,0.4384153168204392,42.8198161,15.7160192,36.1215323,68.5197883,39.6629434,47.2921288,23.0280444,16.7256118,22.3912561,6.6625716
2021-07-03,0.4467418342568511,42.3041978,15.1404531,35.9482555,68.7567154,39.7272988,47.2429112,22.9246593,16.8744374,22.1918094,6.7473775
2021-07-04,0.45472294129804697,42.0493033,14.8147761,35.7798325,68.9588637,39.4498867,47.2191081,22.7214328,16.8426615,21.9795495,6.7141994
2021-07-05,0.4622819674833147,41.5139092,14.1888087,35.3781475,68.9896014,39.1635423,47.6415455,22.8929196,16.8349448,21.7607474,6.6153130000000004
2021-07-06,0.46934519237543326,40.9048201,13.6680692,35.0235125,69.2283406,39.2617763,47.9218465,23.0715691,16.9636267,21.4695088,6.6498895
2021-07-07,0.4758484827140747,40.34575,13.3888718,34.781323,69.3979115,39.3822121,48.1674882,23.2913095,17.1595357,21.3557464,6.7866517
2021-07-08,0.4817382897349083,39.8739124,13.0373584,34.8834112,69.4763318,39.5561767,48.3258755,23.4974179,17.2461912,21.1592898,6.8370985
2021-07-09,0.4869704685701337,39.4178172,12.6546126,34.7904118,69.3270166,39.5852721,48.2595395,23.5678362,17.3372898,21.0745564,6.8845593
2021-07-10,0.49151004358625294,39.1785829,12.4732614,34.8283941,68.9801798,39.5142952,48.2335265,23.5911734,17.3362884,21.0079958,6.811469
2021-07-11,0.4953311292174854,38.746512,12.2179306,34.8354765,68.8468978,39.6621528,48.3055496,23.7651178,17.4397733,20.8554789,6.8412254
2021-07-12,0.4984208180989198,38.5617111,11.9904195,35.2400694,68.7291489,39.9311443,48.0492688,23.7319585,17.4480578,20.7342412,6.9254897
2021-07-13,0.5007793501044046,38.5713555,11.8902452,35.7878619,68.5470257,39.8926879,47.793286,23.6602345,17.3856218,20.6562482,6.9420123
2021-07-14,0.5024172717844031,38.483024,11.5675498,36.0893483,68.3343488,39.8040908,47.5541792,23.5597893,17.1878327,20.5123934,6.9026932
2021-07-15,0.5033536683688467,38.37523,11.389588,36.0970686,68.1188242,39.4548702,47.3153265,23.3541412,17.092084,20.4799175,6.8980689
2021-07-16,0.5036144198950889,38.382996,11.1746445,36.210681,67.897555,39.2397803,47.1113727,23.2112999,16.9817398,20.3501541,6.8513975
2021-07-17,0.5032331864324225,38.2592612,10.8632958,36.2524169,67.7835314,39.2795441,47.1518232,23.3045529,16.9361854,20.1605901,6.8949944
2021-07-18,0.5022513791784963,38.2422653,10.6143326,36.3475098,67.6808782,39.3259351,46.9204149,23.2368178,16.9241163,19.9689249,6.8975833
2021-07-19,0.5007152129384587,38.3231016,10.5698091,36.3714092,67.5527296,39.2080479,46.7831264,23.0595774,16.9889633,19.9176195,6.8671689
2021-07-20,0.49867399412013275,38.2832497,10.4848212,36.3074767,67.3972477,38.9259932,46.6035692,22.8543433,16.9951679,19.7082844,6.9014565
2021-07-21,0.4961785517654649,38.5150884,10.4509365,36.3410183,67.1553477,38.7633005,46.4443912,22.7165224,16.9013348,19.6924543,6.8583174
2021-07-22,0.4932803572806861,38.7820396,10.3877292,36.7359086,66.6927991,38.347368,46.2913404,22.634912,16.8441469,19.5970238,6.81579
2021-07-23,0.4900316296966334,38.9220568,10.5154679,36.9916727,66.1282989,37.9798625,46.1517699,22.5158054,16.7651016,19.5808565,6.7712993
2021-07-24,0.4864845917023632,39.2828324,10.5907625,37.1707382,65.7522357,37.4359777,45.8032507,22.2286567,16.5914267,19.4357748,6.7629273
2021-07-25,0.48269094493953835,39.5583626,10.4571978,37.0640021,65.3915391,36.9081292,45.6559137,22.0113107,16.4516594,19.4323873,6.7168274
2021-07-26,0.478701347198226,39.8817968,10.4708779,37.1770884,64.9915819,36.4867184,45.3846683,21.7605067,16.2918729,19.4264786,6.6584709
2021-07-27,0.47456313925633886,40.3215661,10.3651118,37.2462493,64.5519424,36.0915278,45.1571954,21.6869929,16.1729707,19.3006719,6.5844617
2021-07-28,0.4703191623841481,40.5822607,10.354327,37.4774227,64.2659787,35.6366557,44.9913149,21.5694223,16.1566867,19.192791,6.5394658
2021-07-29,0.4660096376152107,40.9457739,10.4036802,37.3578463,64.2029815,35.6588151,44.8406169,21.4649644,16.2040198,19.0434484,6.5379543
2021-07-30,0.4616726754922034,41.5912752,10.4207286,37.4211396,63.9044785,35.1676266,44.6433535,21.2797463,16.1597138,18.8646324,6.5896166
2021-07-31,0.4573445874605895,42.3758826,10.5090991,37.5567344,63.4599219,34.6898457,44.52429,21.171582,16.14384,19.0202697,6.5139416
2021-08-01,0.4530573284365238,43.3570334,10.8723723,37.6312537,62.860491,34.2635577,44.410615,21.0375805,16.0202487,19.1171332,6.4656308
2021-08-02,0.4488354577327757,44.0295467,11.8342832,37.5878183,62.8850572,34.2038383,44.235216,20.9917791,15.9787972,19.13774,6.4082816
2021-08-03,0.4446994045858871,44.9074941,12.4191139,37.4288385,63.3398217,34.3569556,44.2605713,20.8568413,16.0500284,19.2237901,6.4006899
2021-08-04,0.4406667231463045,45.8583208,12.9648266,37.0565873,63.6182929,34.5147927,44.1201999,20.7230047,16.0966041,19.3324505,6.323247
2021-08-05,0.43675292326552767,46.8118823,13.4972603,36.9514476,64.0272333,34.5920863,44.0940554,20.694952,16.0295501,19.2828779,6.279757
2021-08-06,0.4329701906810919,47.6990165,13.8072921,36.6203004,64.643511,35.001725,44.0076879,20.6372876,16.0521778,19.3737952,6.2102081
2021-08-07,0.4293243606949651,48.3969596,14.0287386,36.3753569,65.3672391,35.4751646,44.0634948,20.7056799,16.1817607,19.3147118,6.1930655
2021-08-08,0.4258176597976402,49.0563111,14.2016098,36.4851023,66.1028178,35.9119465,44.0207098,20.6446845,16.2917067,19.3424397,6.1559028
2021-08-09,0.4224500893032384,50.0014923,14.4743028,36.4638608,66.325005,35.9594548,44.075824,20.6255057,16.3217908,19.3812814,6.1516669
2021-08-10,0.41922017440716786,50.8799286,15.0254482,36.6062408,66.1616231,35.891653,44.0284059,20.6521504,16.2308741,19.4429433,6.122533
2021-08-11,0.41612503283287977,51.7962798,15.5592454,36.7658836,66.0835943,35.7339081,44.0095473,20.6043938,16.1417762,19.4525619,6.1349033
2021-08-12,0.41315943248452464,52.6149527,16.0575967,36.7555782,65.9206138,35.5628199,43.901955,20.4814634,16.0623487,19.6236242,6.0903207
2021-08-13,0.4103166632709747,53.2963624,16.5839879,36.82421,65.9914721,35.4398842,43.909522,20.5374617,15.9800678,19.8216749,6.017497
2021-08-14,0.40758905501094234,53.9582326,17.0271724,36.8830303,65.9564056,35.3479388,43.8203354,20.4160741,15.8198357,19.9932793,6.0189264
2021-08-15,0.4049680827235379,54.6149415,17.4264957,36.9117161,65.9315339,35.2071011,43.7062686,20.3623561,15.6918165,20.0180647,6.0029091
2021-08-16,0.4024446753971354,55.2786937,17.8521503,37.054353,65.8752003,35.0204002,43.5381363,20.2584429,15.6321136,20.0393732,6.0242155
2021-08-17,0.40001043112358897,55.8524816,18.2180015,37.0827592,65.8977324,34.883614,43.4060489,20.2101781,15.6527764,20.0984274,5.9713551
2021-08-18,0.3976573126987385,56.3407905,18.6689793,37.0841968,65.8568366,34.8314235,43.3987906,20.1299376,15.591528,20.0224341,5.9143016
2021-08-19,0.39537719211238354,56.9345698,19.1663975,37.106272,65.8404091,34.8170801,43.3124914,20.0394826,15.573684,20.0514658,5.9077595
2021-08-20,0.3931615735972156,57.5303132,19.5988423,37.1844373,65.6248512,34.6918127,43.250024,19.8910777,15.5138502,20.0743383,5.8785385
2021-08-21,0.3910015865676269,58.0989785,20.0456858,37.2580078,65.6681142,34.6130343,43.2510164,19.8336516,15.4205109,20.0837224,5.8302487
2021-08-22,0.38888940687504914,58.5429839,20.4633148,37.256765,65.6398616,34.5251488,43.3121636,19.8194871,15.425874,20.1722998,5.8454863
2021-08-23,0.38681813878555354,59.0476847,20.9770042,37.4548277,65.5385633,34.5108599,43.3066003,19.8211806,15.3070651,20.320697,5.8253026
2021-08-24,0.38478124055957935,59.6161258,21.5135284,37.594568,65.3470992,34.3768558,43.1634368,19.716307,15.1103781,20.4438558,5.83217
2021-08-25,0.3827723572632456,60.0914663,21.9599552,37.7231763,65.2730645,34.2776785,43.0894202,19.6347678,14.9255112,20.7850539,5.8577081
2021-08-26,0.3807853068312019,60.4433945,22.4028217,37.8837584,65.1637977,34.0763171,42.9784873,19.6638661,14.7470599,21.0533459,5.8854079
2021-08-27,0.37881500760659015,60.8678252,22.724098,38.0295861,65.2497304,34.060766,43.029803,19.7234235,14.6086532,21.0384286,5.9156382
2021-08-28,0.376857643952465,61.2609492,23.2275665,38.2135345,65.0486141,33.8402786,42.8359613,19.6993152,14.5076338,21.1310495,5.9297397
2021-08-29,0.37491040116310514,61.6516977,23.6488335,38.3953852,65.0076706,33.7810182,42.820117,19.672306,14.330021,21.1571105,5.9672643
2021-08-30,0.3729714374598853,61.9986636,23.7921324,38.2532289,64.9149808,33.6473716,42.667451,19.4291618,14.2358561,21.2450609,5.9599831
2021-08-31,0.3710400848188992,62.3276107,24.1349464,38.3246599,64.9349526,33.6112499,42.578225,19.3157054,14.1183948,21.4650864,5.9839938
2021-09-01,0.3691187967944847,62.6296516,24.289418,38.4384852,64.9081345,33.5058001,42.5626005,19.4239068,14.0473755,21.4427241,5.9696163
2021-09-02,0.3672131665435312,62.9963185,24.4872713,38.4975182,64.9818888,33.4536401,42.573784,19.344449,13.9392335,21.3112222,5.9006507
2021-09-03,0.36533108973461065,63.0678047,24.805679,38.5040136,64.94101,33.3792913,42.4759987,19.3166496,13.897651,21.3751232,5.8686053
2021-09-04,0.36348246438922066,63.2549438,24.9748189,38.4382263,65.0992824,33.3627029,42.5420206,19.2055798,13.8877627,21.4064613,5.9157069
2021-09-05,0.3616788356593235,63.5091886,25.1954504,38.3953489,65.1790334,33.2782475,42.3985398,19.0224063,13.9444643,21.439907,5.839453
2021-09-06,0.35993334280363115,63.5880719,25.3137417,37.9679761,65.3353945,33.4383847,42.6617809,19.1757005,14.0332796,21.2788417,5.8768334
2021-09-07,0.35826044203712726,63.507877,25.2660349,37.5525251,65.4839546,33.7169266,42.9834406,19.360929,14.1923112,21.1484804,5.8533827
2021-09-08,0.35667554404771334,63.620816,25.3685735,37.423014,65.496976,33.7668675,43.0668789,19.4025678,14.3326006,21.062476,5.9306437
2021-09-09,0.35519465220734503,63.6200391,25.4704285,37.4906543,65.6498168,33.9705259,43.2476114,19.637442,14.6200029,21.0633365,6.0546713
2021-09-10,0.3538337809532149,63.756948,25.5597904,37.6374511,65.6765578,34.0529739,43.3742734,19.7830821,14.7769301,21.1184755,6.1073133
2021-09-11,0.35260560577198585,63.8794661,25.5770003,37.7765911,65.634757,34.0676108,43.3891124,19.8833717,14.8620041,21.0589812,6.0514556
2021-09-12,0.351518267138766,63.8069187,25.6314204,37.9536197,65.5662691,34.1893511,43.542869,20.1972538,14.864294,21.092359,6.1552323
2021-09-13,0.3505772260580101,63.8531261,25.7951282,38.649412,65.4874674,34.0946611,43.517076,20.2709874,14.74188,21.2012003,6.2377502
2021-09-14,0.34978545729683735,64.0293927,25.9935021,39.2904887,65.4296575,33.8667693,43.4301065,20.3817868,14.6350954,21.2058541,6.2741182
2021-09-15,0.3491435855250129,63.8890517,26.3206334,39.5840687,65.4782332,33.9996156,43.4793251,20.5251139,14.4580916,21.2917896,6.2655991
2021-09-16,0.3486483286810232,63.8647396,26.4893227,39.8201675,65.471337,34.0858895,43.5598669,20.6186047,14.2116082,21.3489276,6.2132047
2021-09-17,0.348291863379397,63.8940167,26.5026508,39.8568959,65.5540894,34.0641712,43.5414546,20.690399,14.089702,21.4533009,6.2762189
2021-09-18,0.34806360114059154,63.7303324,26.6055943,40.1132445,65.6609144,34.3293807,43.711513,20.9933858,13.9378995,21.4750855,6.3912123
2021-09-19,0.34795067654448436,63.8017213,26.612656,40.2517042,65.5989451,34.3874894,43.6915401,21.0177494,13.7261826,21.5077283,6.421797
2021-09-20,0.3479383866814286,63.7627838,26.782816,40.3441709,65.6426644,34.6039419,43.6867742,21.2563358,13.7548454,21.5806106,6.4110944
2021-09-21,0.34801202181256735,63.6311194,26.7712614,40.3907219,65.7100356,34.7486148,43.943604,21.3684549,13.7461706,21.5511738,6.486231
2021-09-22,0.34815890962494633,63.6007063,26.7048656,40.5182572,65.7672481,34.7572727,44.0362991,21.574155,13.9578164,21.4969511,6.6052738
2021-09-23,0.34836763513861624,63.6167051,26.5225806,40.4690118,65.651604,34.7111127,44.0124383,21.6077478,13.9861242,21.4425219,6.6556242
2021-09-24,0.34862803886570937,63.5968763,26.5561948,40.5044603,65.5851475,34.8132505,44.0866333,21.7115314,13.9284262,21.4731081,6.6207406
2021-09-25,0.34893116534788093,63.6554135,26.5094567,40.4057186,65.4982829,34.8747451,44.0987703,21.7295115,13.9886803,21.5413019,6.6350502
2021-09-26,0.349271119700656,63.5296849,26.455996,40.3859438,65.6447577,35.0094822,44.3930019,21.948294,14.1916379,21.5077327,6.7046452
2021-09-27,0.34964802419017044,63.5894254,26.3909304,40.3324082,65.8183768,34.9979199,44.5984772,21.9818408,14.2228106,21.3213695,6.7520202
2021-09-28,0.35006586900947473,63.517989,26.4894605,40.3483905,65.8236893,35.0771055,44.5472118,22.1031326,14.2090184,21.1802206,6.7866245
2021-09-29,0.35053177386026796,63.4007557,26.397955,40.3167636,65.8589405,35.1554823,44.6147359,22.067080700000002,14.1448268,21.2387308,6.7329003
2021-09-30,0.35105536399136816,63.3868996,26.5557179,40.2264554,65.8673314,35.2070424,44.6787563,22.1953217,14.2129124,21.344097,6.7435881
2021-10-01,0.35164830219883203,63.2206357,26.6817614,40.3117036,66.0666394,35.3583253,44.7642163,22.2675645,14.2644085,21.2701457,6.7917006
2021-10-02,0.3523242935999848,62.8516257,26.6207966,40.3571518,66.2871838,35.518553,44.96678,22.489657,14.3175207,21.2651363,6.8611012
2021-10-03,0.35309838955546646,62.7526791,26.5521765,40.3750507,66.337971,35.6235048,44.866982899999996,22.5665052,14.4227953,21.315552,6.8335271
2021-10-04,0.35398642170682726,62.3597045,26.4844032,40.3833694,66.3658112,35.7749592,44.8868607,22.750725,14.4280549,21.3655051,6.8832029
2021-10-05,0.35500454843021173,62.2179243,26.4561312,40.417762,66.4540784,35.8823777,44.9474459,22.8240102,14.4241379,21.4089095,6.7804387
2021-10-06,0.3561676504344826,62.083363,26.4175886,40.5386159,66.5646415,35.9743586,45.0257084,22.9572982,14.3865941,21.4523427,6.7858109
2021-10-07,0.357485821834905,61.848941,26.3704469,40.6782809,66.792221,36.1008992,45.131672,22.965907,14.3559123,21.3346574,6.80336
2021-10-08,0.3589661490186462,61.7528254,26.2570491,40.62966,66.793159,36.3017348,45.3624183,23.1994829,14.3946722,21.2169918,6.8500805
2021-10-09,0.3606134405477444,61.7223013,26.2655747,40.7023918,66.8670037,36.475999,45.5276148,23.3488434,14.4556159,21.2524869,6.7822579
2021-10-10,0.36243058830098707,61.5012066,26.394734,40.6856889,66.8437447,36.4824887,45.7144425,23.40667,14.3939734,21.1348861,6.7458268
2021-10-11,0.3644178944129438,61.4620428,26.2257855,40.6628645,66.8501781,36.6625359,45.7981786,23.3806894,14.5263567,20.9660295,6.6972328
2021-10-12,0.36656916001999207,61.2939732,25.9758445,40.6345522,66.8335553,36.8200232,45.8653325,23.550642,14.6898835,20.9531507,6.8523076
2021-10-13,0.3688740958984483,61.3131292,25.9964176,40.6512766,66.9105624,37.0587282,45.9319722,23.6262249,14.7778098,20.8677441,6.8722881
2021-10-14,0.37131992708697265,61.1969718,25.8716011,40.6163337,66.7856019,37.244591,46.1397067,23.8707294,14.8085104,20.8174848,6.951314
2021-10-15,0.3738920705415813,61.1160924,25.9735616,40.8152496,66.7532414,37.2154579,46.0380986,23.8103684,14.8548848,20.9827164,6.9883238
2021-10-16,0.3765744460939692,61.1505156,26.0770263,40.8177066,66.6858208,37.1835437,46.0523108,23.7995192,14.9270805,20.691204,7.0397801
2021-10-17,0.3793480617078369,61.0724301,26.0553611,40.9795529,66.78586,37.4100056,46.0807124,24.1222157,15.0270761,20.6420217,7.0543286
2021-10-18,0.382191835330099,61.1673056,26.2204767,41.0197195,66.8137524,37.4808329,46.1601395,24.260109,15.0186184,20.8206537,7.0501717
2021-10-19,0.3850832254867375,61.1901691,26.4759846,41.0413811,66.8205008,37.3832859,46.1606438,24.2265488,15.0831559,20.9113882,7.0096585
2021-10-20,0.3879980340844077,61.1388442,26.4851862,40.9497502,66.7704271,37.3818232,46.1264925,24.3217876,15.1595589,20.8352124,7.0300301
2021-10-21,0.3909100920730496,61.0885379,26.5819759,41.1394941,66.9715849,37.465185,46.2221436,24.394832,15.2205424,20.7784295,7.0394522
2021-10-22,0.3937916333692941,60.8479343,26.3011357,41.1539086,67.0563589,37.6346738,46.4582938,24.7097418,15.2260909,20.5609416,6.9941115
2021-10-23,0.3966123298844333,60.7020078,26.2868048,41.2469067,67.0912451,37.6167593,46.4023358,24.8781646,15.2033135,20.7808076,6.9485073999999996
2021-10-24,0.399337775556282,60.4827258,26.024709,41.2159547,67.2731927,37.7288556,46.7135958,25.0849855,15.1758442,20.815158,7.0316198
2021-10-25,0.4019278783706357,60.1768125,25.8693707,41.4137194,67.339582,37.7856602,46.8020302,25.4293189,15.0999196,20.8031891,7.0910096
2021-10-26,0.4043354578701009,60.0174079,25.7481978,41.6421386,67.435232,38.0251849,47.0981404,25.6874812,14.9622009,20.7775481,7.0725444
2021-10-27,0.4065086287356956,59.8393464,25.6866797,41.7170792,67.5223859,37.9725656,47.2052365,25.7587366,14.8055027,20.8138703,7.1234802
2021-10-28,0.4083913919507696,59.6960115,25.5124492,41.6301938,67.534031100000007,37.9715969,47.1499358,25.8283662,14.7386022,20.9161363,7.1311957
2021-10-29,0.4099244838101479,59.5563289,25.522283,41.566485900000004,67.529669,37.9777306,47.1852216,25.8499183,14.756944,20.9766313,7.1271289
2021-10-30,0.41105059508949027,59.4375889,25.4294688,41.5420393,67.5619887,38.0215488,47.3179197,26.0599014,14.6872886,20.9050774,7.1867931
2021-10-31,0.41172380948584697,59.6091829,25.5375567,41.4912729,67.3584268,37.8796868,47.252593,26.1294321,14.55414,20.9680226,7.2123393
2021-11-01,0.4119281345411577,59.5407352,25.5525479,41.4607792,67.3725235,37.7829103,47.5450863,26.2645493,14.4122063,20.837924,7.1587984
2021-11-02,0.41169105712835663,59.3325724,25.3112793,41.318499,67.3599905,37.7247938,47.5973855,26.3912635,14.272461,20.8109591,7.1634709
2021-11-03,0.41108302267476127,59.120923,25.1996895,41.4241481,67.2978015,37.8000293,47.7676646,26.5182941,14.2565954,20.6894263,7.1112913
2021-11-04,0.4102007250087975,59.0312212,25.0967826,41.5454039,67.1653924,37.9354958,47.8374526,26.4716375,14.1406332,20.6366087,7.0120239
2021-11-05,0.4091289564936396,59.0649788,25.1662169,41.5533613,67.1805855,37.9497036,47.7268317,26.3768887,13.9377106,20.6064701,6.9777582
2021-11-06,0.4079037781463579,58.9621516,24.9961469,41.586972,67.2588122,37.9430558,47.7368458,26.2034552,13.7426007,20.7588779,6.9343796
2021-11-07,0.40649071242784823,58.7183106,24.8353156,41.7332245,67.4593202,38.1773845,47.6829813,26.115352,13.7054309,20.6978519,6.8724208
2021-11-08,0.404683175370284,58.688035,24.8766787,41.8312615,67.5124602,38.3956615,47.4739568,25.8536537,13.7233257,20.7731935,6.8509009
2021-11-09,0.40242252839572384,58.6990488,24.9313441,42.0252791,67.6298297,38.38473,47.4599005,25.7053569,13.7602587,20.7417509,6.8731165
2021-11-10,0.39983664923596696,58.6285126,24.9604299,41.9910522,67.5999329,38.4173383,47.4275225,25.706577,13.7191295,20.8711676,6.8457127
2021-11-11,0.3969678507317641,58.5877651,25.0478728,41.9318252,67.7129456,38.3588652,47.3302704,25.7427036,13.733963,20.8098487,6.940129
2021-11-12,0.3938642647506743,58.48132,24.850527,41.7665308,67.7635319,38.5137894,47.414888500000004,25.650842,13.7164725,20.7065416,6.9565992
2021-11-13,0.3905776576318667,58.5278856,24.6703401,41.6095101,67.6221363,38.6411996,47.2687656,25.5573016,13.7051271,20.3417684,6.9237255
2021-11-14,0.3871609926763111,58.5274634,24.757668,41.5394907,67.5036072,38.5963358,47.2539814,25.4638977,13.5659205,20.2979986,6.9003626
2021-11-15,0.3836674127014856,58.5756305,24.7379331,41.4291481,67.4108109,38.4264658,47.2244621,25.5173752,13.474845,20.381167,6.8680071
2021-11-16,0.38014636657909784,58.4980499,24.633906,41.2801807,67.2540874,38.5385251,47.0969854,25.5264773,13.4291189,20.2451308,6.8954189
2021-11-17,0.3766394269418679,58.5523317,24.5366595,41.275356,67.3586273,38.5179324,47.1051659,25.4080217,13.3696786,20.0223598,6.9775508
2021-11-18,0.37318377506453776,58.3951615,24.36879,41.2824185,67.4017746,38.5478224,47.1620768,25.5026805,13.3573623,20.0289762,6.959288
2021-11-19,0.3698128005368615,58.4663561,24.2912047,41.3936355,67.324343,38.1719423,47.1365878,25.5775529,13.3326688,20.0385251,6.9925967
2021-11-20,0.3665565804634942,58.4522942,24.3743178,41.4088723,67.3177568,38.0837573,47.2338317,25.6931987,13.3791605,20.1695537,7.0049247
2021-11-21,0.36343339668699826,58.3849155,24.3277733,41.4349526,67.3308037,37.9558638,47.2329468,25.7562836,13.3771294,20.1487872,7.0388187
2021-11-22,0.3604360574735498,58.3012563,24.2080139,41.298651,67.4091968,37.9009754,47.1538197,25.6685892,13.5078622,19.983827,7.071408
2021-11-23,0.3575490398168308,58.2644248,24.042377,40.9751413,67.7091179,37.8412947,47.2268762,25.5942213,13.5478087,19.9076814,7.0494725
2021-11-24,0.3547473101233606,58.3397953,24.0474571,40.6221455,68.2184852,37.8577924,47.2706633,25.5642777,13.7514738,19.9379806,6.9708016
2021-11-25,0.35200354876941276,58.2935281,24.1035359,40.0682998,68.5033771,37.7436033,47.9348909,25.7590374,14.2387071,19.8084672,6.9171781
2021-11-26,0.34927383075019924,58.1410944,23.9646432,38.6438676,68.0640813,37.408572,49.6144791,27.021834,14.655968,19.5989793,6.7705951
2021-11-27,0.3464434957421544,57.9679102,24.1054869,37.2299009,67.7916522,36.9800547,50.6312622,27.6716722,15.0225955,19.3808844,6.6727626
2021-11-28,0.34338288479020473,57.9990407,24.0565952,36.0531258,67.4871731,36.5704638,51.2226058,27.7687991,15.3681439,19.1174101,6.5933202
2021-11-29,0.3399630928003589,57.9572974,23.9635394,35.7872065,67.1284483,36.1585535,51.6098367,27.8982464,15.6303188,18.9779505,6.5795134
2021-11-30,0.33607332916898225,58.0901364,24.0895944,35.9334533,66.7562849,35.7067467,51.7567152,27.91568,16.0143903,18.9755867,6.5345309
